Old ID	name	API	Completeness	Reference	Remaining ID
AD00009	ABU SAFAH	28	19	Williams, R., ARAMCO, Letter to Lehr, W.,  NOAA, March 13, 1993.	AD00010
AD00017	ADGO	16.8	64	Jokuty, P., Whiticar, S., Wang, Z., Fingas, M., Lambert, P., Fieldhouse, B., Mullen, J. 1996. A Catalogue of Crude Oil and Oil Product Properties (1996 Edition). Prepared for Environment Canada, EE-157, Ottawa, Ontario.	AD01985
AD00038	ARABIAN (1996)	32.5	41	Jokuty, P., Whiticar, S., Wang, Z., Fingas, M., Lambert, P., Fieldhouse, B., Mullen, J. 1996. A Catalogue of Crude Oil and Oil Product Properties (1996 Edition). Prepared for Environment Canada, EE-157, Ottawa, Ontario.	AD02000
AD00051	ARABIAN LIGHT	31.8	80	Jokuty, P., Whiticar, S., Wang, Z., Fingas, M., Lambert, P., Fieldhouse, B., Mullen, J. 1996. A Catalogue of Crude Oil and Oil Product Properties (1996 Edition). Prepared for Environment Canada, EE-157, Ottawa, Ontario.	AD02002
AD00059	ARABIAN MEDIUM	29.5	71	Jokuty, P., Whiticar, S., Wang, Z., Fingas, M., Lambert, P., Fieldhouse, B., Mullen, J. 1996. A Catalogue of Crude Oil and Oil Product Properties (1996 Edition). Prepared for Environment Canada, EE-157, Ottawa, Ontario.	AD02003
AD00067	ARABIAN MEDIUM, API	30.8	15	API. 1986. ""U.S. Crude and Products Import 1985"". Prepared by John Yeager and Associates. Houston, Texas (1986).	
AD00069	ARDJUNA, API	35.2	15	Yeager, John. 1986. U.S. Crude and Products Import 1985.  Prepared for the American Petroleum Institute, Washington, D.C. 14pp.	AD01814
AD00076	ARUN CONDENSATE	54	15	U.S. Crude and Product Import 1985 in Hazmat lib.  OSPILL 1003	AD01435
AD00081	ATTAKA/BEDAK	42.3	15	Yeager, John. 1986. U.S. Crude and Products Import 1985.  Prepared for the American Petroleum Institute, Washington, D.C. 14pp.	AD02012
AD00090	AVIATION GASOLINE 100	66.2	43	Jokuty, P., Whiticar, S., Wang, Z., Fingas, M., Lambert, P., Fieldhouse, B., Mullen, J. 1996. A Catalogue of Crude Oil and Oil Product Properties (1996 Edition). Prepared for Environment Canada, EE-157, Ottawa, Ontario.	AD02015
AD00108	BARROW ISLAND	36.7	49	Whiticar, S. Bobra, M., Fingas, M., Jokuty, P., Liuzzo, P., Callaghan, S., Ackerman, F., and Coa, J. 1992. A Catalogue of Crude Oil and Oil Product Properties (1992 Edition). Prepared for Environment Canada, EE-144, Ottawa, Ontario. 643pp.	AD02022
AD00123	BCF 22	22	15	Yeager, John. 1986. U.S. Crude and Products Import 1985.  Prepared for the American Petroleum Institute, Washington, D.C. 14pp.	AD00124 (BCF 22, CITGO)
AD00125	BCF 24	23.4	60	Jokuty, P., Whiticar, S., Wang, Z., Fingas, M., Lambert, P., Fieldhouse, B., Mullen, J. 1996. A Catalogue of Crude Oil and Oil Product Properties (1996 Edition). Prepared for Environment Canada, EE-157, Ottawa, Ontario.	AD02026
AD00126	BCF 24, CITGO	23.3	45	Venzke, C., August 17, 1992. CITGO Petroleum Corporation, Tulsa, OKlahoma, Crude Oil Data as Requested June 24, 1992, Letter to Glen Watabayashi, NOAA	AD02026
AD00128	BEATRICE	38.7	18	Whiticar, S. Bobra, M., Fingas, M., Jokuty, P., Liuzzo, P., Callaghan, S., Ackerman, F., and Coa, J. 1992. A Catalogue of Crude Oil and Oil Product Properties (1992 Edition). Prepared for Environment Canada, EE-144, Ottawa, Ontario. 643pp.	AD02027
AD00135	BELRIDGE HEAVY	13.6	49	Jokuty, P., Whiticar, S., Wang, Z., Fingas, M., Lambert, P., Fieldhouse, B., Mullen, J. 1996. A Catalogue of Crude Oil and Oil Product Properties (1996 Edition). Prepared for Environment Canada, EE-157, Ottawa, Ontario.	AD02032
AD00137	BENT HORN	41.3	54	Whiticar, S. Bobra, M., Fingas, M., Jokuty, P., Liuzzo, P., Callaghan, S., Ackerman, F., and Coa, J. 1992. A Catalogue of Crude Oil and Oil Product Properties (1992 Edition). Prepared for Environment Canada, EE-144, Ottawa, Ontario. 643pp.	AD02033
AD00145	BETA	13.7	43	Whiticar, S. Bobra, M., Fingas, M., Jokuty, P., Liuzzo, P., Callaghan, S., Ackerman, F., and Coa, J. 1992. A Catalogue of Crude Oil and Oil Product Properties (1992 Edition). Prepared for Environment Canada, EE-144, Ottawa, Ontario. 643pp.	AD02037
AD00157	BOMBAY HIGH, OIL & GAS	38	18	Khan, H.U., Dilawar, S.V., Nautiyal, S.P., Srivastava, S.P., 1993. New Methods Determine Pour Point more Accuurately than ASTM D-97, Oil and Gas Journal, Nov 1, 1993, pp. 74-76.	AD02039
AD00164	BONNY MEDIUM	25.2	15	Aalund, L. 1983.  Guide to export crudes for the '80s.  Oil and Gas Journal, December 12, 1983.	AD02041
AD00169	BOSCAN	10.9	38	Jokuty, P., Whiticar, S., Wang, Z., Fingas, M., Lambert, P., Fieldhouse, B., Mullen, J. 1996. A Catalogue of Crude Oil and Oil Product Properties (1996 Edition). Prepared for Environment Canada, EE-157, Ottawa, Ontario.	AD02042
AD00175	BOW RIVER HEAVY	26.7	15	Jokuty, P., Whiticar, S., Wang, Z., Fingas, M., Lambert, P., Fieldhouse, B., Mullen, J. 1996. A Catalogue of Crude Oil and Oil Product Properties (1996 Edition). Prepared for Environment Canada, EE-157, Ottawa, Ontario.	AD02044
AD00177	BRAE	33.6	15	Jokuty, P., Whiticar, S., Wang, Z., Fingas, M., Lambert, P., Fieldhouse, B., Mullen, J. 1996. A Catalogue of Crude Oil and Oil Product Properties (1996 Edition). Prepared for Environment Canada, EE-157, Ottawa, Ontario.	AD02045
AD00192	BRENT BLEND	37.9	51	Jokuty, P., Whiticar, S., Wang, Z., Fingas, M., Lambert, P., Fieldhouse, B., Mullen, J. 1996. A Catalogue of Crude Oil and Oil Product Properties (1996 Edition). Prepared for Environment Canada, EE-157, Ottawa, Ontario.	AD02048
AD00222	CALIFORNIA (API GRAVITY:11)	11.58	34	Jokuty, P., Whiticar, S., Wang, Z., Fingas, M., Lambert, P., Fieldhouse, B., Mullen, J. 1996. A Catalogue of Crude Oil and Oil Product Properties (1996 Edition). Prepared for Environment Canada, EE-157, Ottawa, Ontario.	AD02057
AD00223	CALIFORNIA (API GRAVITY:15)	13.2	38	Jokuty, P., Whiticar, S., Wang, Z., Fingas, M., Lambert, P., Fieldhouse, B., Mullen, J. 1996. A Catalogue of Crude Oil and Oil Product Properties (1996 Edition). Prepared for Environment Canada, EE-157, Ottawa, Ontario.	AD02058
AD00232	CARPINTERIA	22.9	44	Jokuty, P., Whiticar, S., Wang, Z., Fingas, M., Lambert, P., Fieldhouse, B., Mullen, J. 1996. A Catalogue of Crude Oil and Oil Product Properties (1996 Edition). Prepared for Environment Canada, EE-157, Ottawa, Ontario.	AD02061
AD00236	CATALYTIC CRACKING FEED	23.2	44	Jokuty, P., Whiticar, S., Wang, Z., Fingas, M., Lambert, P., Fieldhouse, B., Mullen, J. 1996. A Catalogue of Crude Oil and Oil Product Properties (1996 Edition). Prepared for Environment Canada, EE-157, Ottawa, Ontario.	AD02063
AD00240	CEUTA, API	31.8	15	Yeager, John. 1986. U.S. Crude and Products Import 1985.  Prepared for the American Petroleum Institute, Washington, D.C. 14pp.	AD02064
AD00261	COLD LAKE BITUMEN, ESSO	9.8	34	Jokuty, P., Whiticar, S., Wang, Z., Fingas, M., Lambert, P., Fieldhouse, B., Mullen, J. 1996. A Catalogue of Crude Oil and Oil Product Properties (1996 Edition). Prepared for Environment Canada, EE-157, Ottawa, Ontario.	AD00262
AD00287	DAN	30.4	15	Jokuty, P., Whiticar, S., Wang, Z., Fingas, M., Lambert, P., Fieldhouse, B., Mullen, J. 1996. A Catalogue of Crude Oil and Oil Product Properties (1996 Edition). Prepared for Environment Canada, EE-157, Ottawa, Ontario.	AD02079
AD00307	DOS CUADRAS	25.6	44	Jokuty, P., Whiticar, S., Wang, Z., Fingas, M., Lambert, P., Fieldhouse, B., Mullen, J. 1996. A Catalogue of Crude Oil and Oil Product Properties (1996 Edition). Prepared for Environment Canada, EE-157, Ottawa, Ontario.	AD02088
AD00314	DUNLIN	34.9	15	Whiticar, S. Bobra, M., Fingas, M., Jokuty, P., Liuzzo, P., Callaghan, S., Ackerman, F., and Coa, J. 1992. A Catalogue of Crude Oil and Oil Product Properties (1992 Edition). Prepared for Environment Canada, EE-144, Ottawa, Ontario. 643pp.	AD00315
AD00345	ELECTRICAL INSULATING OIL (USED)	31.6	24	Jokuty, P., Whiticar, S., Wang, Z., Fingas, M., Lambert, P., Fieldhouse, B., Mullen, J. 1996. A Catalogue of Crude Oil and Oil Product Properties (1996 Edition). Prepared for Environment Canada, EE-157, Ottawa, Ontario.	AD02096
AD00353	EMPIRE	33.8	73	Jokuty, P., Whiticar, S., Wang, Z., Fingas, M., Lambert, P., Fieldhouse, B., Mullen, J. 1996. A Catalogue of Crude Oil and Oil Product Properties (1996 Edition). Prepared for Environment Canada, EE-157, Ottawa, Ontario.	AD02100
AD00355	ENDICOTT	23	73	Whiticar, S. Bobra, M., Fingas, M., Jokuty, P., Liuzzo, P., Callaghan, S., Ackerman, F., and Coa, J. 1992. A Catalogue of Crude Oil and Oil Product Properties (1992 Edition). Prepared for Environment Canada, EE-144, Ottawa, Ontario. 643pp.	AD02110
AD00356	EOCENE, ITOPF	18.6	15	International Tanker Owners Pollution Federation (TOPALOP). 1982. Technical Information Paper No. 4, Use of Oil Dispersants pp.8.	AD02111 (EOCENE)
AD00380	FEDERATED LIGHT AND MEDIUM	39.7	15	Jokuty, P., Whiticar, S., Wang, Z., Fingas, M., Lambert, P., Fieldhouse, B., Mullen, J. 1996. A Catalogue of Crude Oil and Oil Product Properties (1996 Edition). Prepared for Environment Canada, EE-157, Ottawa, Ontario.	AD02122
AD00405	FUEL OIL NO.1 (JP-1)	45.4	22	Jokuty, P., Whiticar, S., Wang, Z., Fingas, M., Lambert, P., Fieldhouse, B., Mullen, J. 1996. A Catalogue of Crude Oil and Oil Product Properties (1996 Edition). Prepared for Environment Canada, EE-157, Ottawa, Ontario.	AD02132
AD00406	FUEL OIL NO.1 (JP-4)	55.84	44	Jokuty, P., Whiticar, S., Wang, Z., Fingas, M., Lambert, P., Fieldhouse, B., Mullen, J. 1996. A Catalogue of Crude Oil and Oil Product Properties (1996 Edition). Prepared for Environment Canada, EE-157, Ottawa, Ontario.	AD02134
AD00410	FUEL OIL NO.1 (JP-3)	45.66	15	Jokuty, P., Whiticar, S., Wang, Z., Fingas, M., Lambert, P., Fieldhouse, B., Mullen, J. 1996. A Catalogue of Crude Oil and Oil Product Properties (1996 Edition). Prepared for Environment Canada, EE-157, Ottawa, Ontario.	AD02133
AD00423	FUEL OIL NO.2	31.79	24	Jokuty, P., Whiticar, S., Wang, Z., Fingas, M., Lambert, P., Fieldhouse, B., Mullen, J. 1996. A Catalogue of Crude Oil and Oil Product Properties (1996 Edition). Prepared for Environment Canada, EE-157, Ottawa, Ontario.	AD02138
AD00424	FUEL OIL NO.2	33.7	36	Whiticar, S. Bobra, M., Fingas, M., Jokuty, P., Liuzzo, P., Callaghan, S., Ackerman, F., and Coa, J. 1992. A Catalogue of Crude Oil and Oil Product Properties (1992 Edition). Prepared for Environment Canada, EE-144, Ottawa, Ontario. 643pp.	AD00422
AD00447	FULMAR	39.3	15	Jokuty, P., Whiticar, S., Wang, Z., Fingas, M., Lambert, P., Fieldhouse, B., Mullen, J. 1996. A Catalogue of Crude Oil and Oil Product Properties (1996 Edition). Prepared for Environment Canada, EE-157, Ottawa, Ontario.	AD02144
AD00460	GAS OIL (CRACKED)	34.24	19	Whiticar, S. Bobra, M., Fingas, M., Jokuty, P., Liuzzo, P., Callaghan, S., Ackerman, F., and Coa, J. 1992. A Catalogue of Crude Oil and Oil Product Properties (1992 Edition). Prepared for Environment Canada, EE-144, Ottawa, Ontario. 643pp.	AD02149
AD00465	GASOLINE (CASINGHEAD)	78.55	15	Whiticar, S. Bobra, M., Fingas, M., Jokuty, P., Liuzzo, P., Callaghan, S., Ackerman, F., and Coa, J. 1992. A Catalogue of Crude Oil and Oil Product Properties (1992 Edition). Prepared for Environment Canada, EE-144, Ottawa, Ontario. 643pp.	AD02150
AD00466	GASOLINE (LEADED)	59.85	22	Whiticar, S. Bobra, M., Fingas, M., Jokuty, P., Liuzzo, P., Callaghan, S., Ackerman, F., and Coa, J. 1992. A Catalogue of Crude Oil and Oil Product Properties (1992 Edition). Prepared for Environment Canada, EE-144, Ottawa, Ontario. 643pp.	AD02151
AD00472	GASOLINE: BLENDING STOCKS (ALKYLATES)	68.02	25	Jokuty, P., Whiticar, S., Wang, Z., Fingas, M., Lambert, P., Fieldhouse, B., Mullen, J. 1996. A Catalogue of Crude Oil and Oil Product Properties (1996 Edition). Prepared for Environment Canada, EE-157, Ottawa, Ontario.	AD02154
AD00495	GORM	33.9	15	Jokuty, P., Whiticar, S., Wang, Z., Fingas, M., Lambert, P., Fieldhouse, B., Mullen, J. 1996. A Catalogue of Crude Oil and Oil Product Properties (1996 Edition). Prepared for Environment Canada, EE-157, Ottawa, Ontario.	AD02158
AD00502	GRANITE POINT	39	42	Jokuty, P., Whiticar, S., Wang, Z., Fingas, M., Lambert, P., Fieldhouse, B., Mullen, J. 1996. A Catalogue of Crude Oil and Oil Product Properties (1996 Edition). Prepared for Environment Canada, EE-157, Ottawa, Ontario.	AD02159
AD00510	GULF ALBERTA LIGHT AND MEDIUM	35.1	15	Jokuty, P., Whiticar, S., Wang, Z., Fingas, M., Lambert, P., Fieldhouse, B., Mullen, J. 1996. A Catalogue of Crude Oil and Oil Product Properties (1996 Edition). Prepared for Environment Canada, EE-157, Ottawa, Ontario.	AD02401
AD00515	GULLFAKS	31.06	76	Jokuty, P., Whiticar, S., Wang, Z., Fingas, M., Lambert, P., Fieldhouse, B., Mullen, J. 1996. A Catalogue of Crude Oil and Oil Product Properties (1996 Edition). Prepared for Environment Canada, EE-157, Ottawa, Ontario.	AD02165
AD00538	HIBERNIA	37.1	53	Whiticar, S. Bobra, M., Fingas, M., Jokuty, P., Liuzzo, P., Callaghan, S., Ackerman, F., and Coa, J. 1992. A Catalogue of Crude Oil and Oil Product Properties (1992 Edition). Prepared for Environment Canada, EE-144, Ottawa, Ontario. 643pp.	AD02170
AD00544	HONDO	19.6	45	Jokuty, P., Whiticar, S., Wang, Z., Fingas, M., Lambert, P., Fieldhouse, B., Mullen, J. 1996. A Catalogue of Crude Oil and Oil Product Properties (1996 Edition). Prepared for Environment Canada, EE-157, Ottawa, Ontario.	AD02174 (HONDO BLEND)
AD00557	IF-30 BUNKER FUEL OIL	19.7	18	Jokuty, P., Whiticar, S., Wang, Z., Fingas, M., Lambert, P., Fieldhouse, B., Mullen, J. 1996. A Catalogue of Crude Oil and Oil Product Properties (1996 Edition). Prepared for Environment Canada, EE-157, Ottawa, Ontario.	AD02179 (IF-30 Fuel Oil)
AD00566	IRANIAN HEAVY	30	74	Jokuty, P., Whiticar, S., Wang, Z., Fingas, M., Lambert, P., Fieldhouse, B., Mullen, J. 1996. A Catalogue of Crude Oil and Oil Product Properties (1996 Edition). Prepared for Environment Canada, EE-157, Ottawa, Ontario.	AD02186
AD00569	IRANIAN HEAVY, PHILLIPS	31	15	Livingston, B., January 3, 1992. Phillips Petroleum Company, Bartlesville, Oklahoma,  Oil Properties for NOAA Weathering Model, Letter to William Lehr, NOAA.	AD02186
AD00570	IRANIAN HEAVY, ARCO	31	15	Lindstedt-Siva, J., ARCO, Los Angeles, California.  Letter to William Lehr, NOAA, December 2, 1992.	AD02186
AD00578	ISTHMUS	34.8	15	Jokuty, P., Whiticar, S., Wang, Z., Fingas, M., Lambert, P., Fieldhouse, B., Mullen, J. 1996. A Catalogue of Crude Oil and Oil Product Properties (1996 Edition). Prepared for Environment Canada, EE-157, Ottawa, Ontario.	AD02189
AD00612	KIRKUK, ARCO	36	15	Lindstedt-Siva, J., ARCO, Los Angeles, California.  Letter to William Lehr, NOAA, December 2, 1992.	AD00610 (KIRKUK)
AD00613	KIRKUK BLEND,  OIL & GAS JOURNAL	35.1	15	Aalund, L. 1983.  Guide to export crudes for the '80s.  Oil and Gas Journal, December 12, 1983.	AD02199
AD00616	KOAKOAK 0-22A	29.5	20	Whiticar, S. Bobra, M., Fingas, M., Jokuty, P., Liuzzo, P., Callaghan, S., Ackerman, F., and Coa, J. 1992. A Catalogue of Crude Oil and Oil Product Properties (1992 Edition). Prepared for Environment Canada, EE-144, Ottawa, Ontario. 643pp.	AD02402
AD00617	KOLE	34.9	15	Yeager, John. 1986. U.S. Crude and Products Import 1985.  Prepared for the American Petroleum Institute, Washington, D.C. 14pp.	AD01463 (KOLE, SHELL)
AD00620	KOLE MARINE BLEND, OIL & GAS	34.9	15	Aalund, L. 1983.  Guide to export crudes for the '80s.  Oil and Gas Journal, December 12, 1983.	AD02202
AD00621	KOPANOAR	31.36	19	Whiticar, S. Bobra, M., Fingas, M., Jokuty, P., Liuzzo, P., Callaghan, S., Ackerman, F., and Coa, J. 1992. A Catalogue of Crude Oil and Oil Product Properties (1992 Edition). Prepared for Environment Canada, EE-144, Ottawa, Ontario. 643pp.	AD02204
AD00627	KUWAIT	30.6	67	Jokuty, P., Whiticar, S., Wang, Z., Fingas, M., Lambert, P., Fieldhouse, B., Mullen, J. 1996. A Catalogue of Crude Oil and Oil Product Properties (1996 Edition). Prepared for Environment Canada, EE-157, Ottawa, Ontario.	AD02435
AD00632	KUWAIT EXPORT	31.4	15	Aalund, L. 1983.  Guide to export crudes for the '80s.  Oil and Gas Journal, December 12, 1983.	AD01925 (KUWAIT EXPORT, OIL AND GAS)
AD00640	LABUAN BLEND, OIL & GAS	33.2	15	Aalund, L. 1983.  Guide to export crudes for the '80s.  Oil and Gas Journal, December 12, 1983.	AD02209
AD00643	LAGO	27.3	46	Whiticar, S. Bobra, M., Fingas, M., Jokuty, P., Liuzzo, P., Callaghan, S., Ackerman, F., and Coa, J. 1992. A Catalogue of Crude Oil and Oil Product Properties (1992 Edition). Prepared for Environment Canada, EE-144, Ottawa, Ontario. 643pp.	AD02210
AD00683	LLOYDMINSTER	25.27	50	Jokuty, P., Whiticar, S., Wang, Z., Fingas, M., Lambert, P., Fieldhouse, B., Mullen, J. 1996. A Catalogue of Crude Oil and Oil Product Properties (1996 Edition). Prepared for Environment Canada, EE-157, Ottawa, Ontario.	AD02215
AD00700	LUCINA, API	39.5	15	API. 1986. ""U.S. Crude and Products Import 1985"". Prepared by John Yeager and Associates. Houston, Texas (1986).	AD01472 (LUCINA, SHELL OIL)
AD00701	LUCULA	33.4	44	Jokuty, P., Whiticar, S., Wang, Z., Fingas, M., Lambert, P., Fieldhouse, B., Mullen, J. 1996. A Catalogue of Crude Oil and Oil Product Properties (1996 Edition). Prepared for Environment Canada, EE-157, Ottawa, Ontario.	AD02240
AD00704	MAGNUS	39.3	15	Whiticar, S. Bobra, M., Fingas, M., Jokuty, P., Liuzzo, P., Callaghan, S., Ackerman, F., and Coa, J. 1992. A Catalogue of Crude Oil and Oil Product Properties (1992 Edition). Prepared for Environment Canada, EE-144, Ottawa, Ontario. 643pp.	AD02241
AD00709	MALONGO	31	44	Jokuty, P., Whiticar, S., Wang, Z., Fingas, M., Lambert, P., Fieldhouse, B., Mullen, J. 1996. A Catalogue of Crude Oil and Oil Product Properties (1996 Edition). Prepared for Environment Canada, EE-157, Ottawa, Ontario.	AD02244
AD00710	MANDJI, API	30.5	15	Yeager, John. 1986. U.S. Crude and Products Import 1985.  Prepared for the American Petroleum Institute, Washington, D.C. 14pp.	AD02245
AD00722	MARINE GAS OIL	34.2	15	Jokuty, P., Whiticar, S., Wang, Z., Fingas, M., Lambert, P., Fieldhouse, B., Mullen, J. 1996. A Catalogue of Crude Oil and Oil Product Properties (1996 Edition). Prepared for Environment Canada, EE-157, Ottawa, Ontario.	AD02248
AD00723	MARINE GAS OIL (HEAVY)	32	15	Jokuty, P., Whiticar, S., Wang, Z., Fingas, M., Lambert, P., Fieldhouse, B., Mullen, J. 1996. A Catalogue of Crude Oil and Oil Product Properties (1996 Edition). Prepared for Environment Canada, EE-157, Ottawa, Ontario.	AD02249
AD00724	MARINE INTERMEDIATE FUEL OIL	12.96	48	Whiticar, S. Bobra, M., Fingas, M., Jokuty, P., Liuzzo, P., Callaghan, S., Ackerman, F., and Coa, J. 1992. A Catalogue of Crude Oil and Oil Product Properties (1992 Edition). Prepared for Environment Canada, EE-144, Ottawa, Ontario. 643pp.	AD02250
AD00730	MAYA	21.22	71	Jokuty, P., Whiticar, S., Wang, Z., Fingas, M., Lambert, P., Fieldhouse, B., Mullen, J. 1996. A Catalogue of Crude Oil and Oil Product Properties (1996 Edition). Prepared for Environment Canada, EE-157, Ottawa, Ontario.	AD02254, AD02255
AD00776	MONTROSE	40.1	20	Whiticar, S. Bobra, M., Fingas, M., Jokuty, P., Liuzzo, P., Callaghan, S., Ackerman, F., and Coa, J. 1992. A Catalogue of Crude Oil and Oil Product Properties (1992 Edition). Prepared for Environment Canada, EE-144, Ottawa, Ontario. 643pp.	AD02263
AD00784	MOUSSE MIX (PETAWAWA)	25.6	73	Jokuty, P., Whiticar, S., Wang, Z., Fingas, M., Lambert, P., Fieldhouse, B., Mullen, J. 1996. A Catalogue of Crude Oil and Oil Product Properties (1996 Edition). Prepared for Environment Canada, EE-157, Ottawa, Ontario.	AD02264
AD00787	MURBAN	39.3	24	Jokuty, P., Whiticar, S., Wang, Z., Fingas, M., Lambert, P., Fieldhouse, B., Mullen, J. 1996. A Catalogue of Crude Oil and Oil Product Properties (1996 Edition). Prepared for Environment Canada, EE-157, Ottawa, Ontario.	AD02266
AD00791	MURCHISON	38	15	Jokuty, P., Whiticar, S., Wang, Z., Fingas, M., Lambert, P., Fieldhouse, B., Mullen, J. 1996. A Catalogue of Crude Oil and Oil Product Properties (1996 Edition). Prepared for Environment Canada, EE-157, Ottawa, Ontario.	AD02267
AD00831	NORMAN WELLS	38.4	46	Whiticar, S. Bobra, M., Fingas, M., Jokuty, P., Liuzzo, P., Callaghan, S., Ackerman, F., and Coa, J. 1992. A Catalogue of Crude Oil and Oil Product Properties (1992 Edition). Prepared for Environment Canada, EE-144, Ottawa, Ontario. 643pp.	AD02282,  EC00654 (Normal Wells)
AD00901	PLATFORM IRENE	11.2	22	Jokuty, P., Whiticar, S., Wang, Z., Fingas, M., Lambert, P., Fieldhouse, B., Mullen, J. 1996. A Catalogue of Crude Oil and Oil Product Properties (1996 Edition). Prepared for Environment Canada, EE-157, Ottawa, Ontario.	AD02300, EC01464 (Platform Irene)
AD00905	PORT HUENEME	14.8	44	Jokuty, P., Whiticar, S., Wang, Z., Fingas, M., Lambert, P., Fieldhouse, B., Mullen, J. 1996. A Catalogue of Crude Oil and Oil Product Properties (1996 Edition). Prepared for Environment Canada, EE-157, Ottawa, Ontario.	AD02302
AD00917	PRUDHOE BAY	24.8	48	Jokuty, P., Whiticar, S., Wang, Z., Fingas, M., Lambert, P., Fieldhouse, B., Mullen, J. 1996. A Catalogue of Crude Oil and Oil Product Properties (1996 Edition). Prepared for Environment Canada, EE-157, Ottawa, Ontario.	AD02304,  AD02305 [PRUDHOE BAY (1995)]
AD00920	QATAR MARINE, PHILLIPS	35.3	15	Livingston, B., January 3, 1992. Phillips Petroleum Company, Bartlesville, Oklahoma,  Oil Properties for NOAA Weathering Model, Letter to William Lehr, NOAA.	AD02307,  AD01892 (QATAR MARINE, MOBIL OIL AUSTRALIA)
AD00923	QUA IBO	35.8	15	Yeager, John. 1986. U.S. Crude and Products Import 1985.  Prepared for the American Petroleum Institute, Washington, D.C. 14pp.	AD02308 (QUA IBOE, EX00041 (Qua Iboe)
AD00925	QUA IBOE, OIL & GAS	35.8	20	Aalund, L. 1983.  Guide to export crudes for the '80s.  Oil and Gas Journal, December 12, 1983.	AD00924 (QUA IBOE, PHILLIPS),  AD01483 (QUA IBOE, SHELL OIL)
AD00933	RAINBOW LIGHT AND MEDIUM	40.7	15	Jokuty, P., Whiticar, S., Wang, Z., Fingas, M., Lambert, P., Fieldhouse, B., Mullen, J. 1996. A Catalogue of Crude Oil and Oil Product Properties (1996 Edition). Prepared for Environment Canada, EE-157, Ottawa, Ontario.	AD01938
AD00956	SABLE ISLAND CONDENSATE	40.69	39	Jokuty, P., Whiticar, S., Wang, Z., Fingas, M., Lambert, P., Fieldhouse, B., Mullen, J. 1996. A Catalogue of Crude Oil and Oil Product Properties (1996 Edition). Prepared for Environment Canada, EE-157, Ottawa, Ontario.	AD02315
AD00970	SANTA CLARA	22.1	44	Jokuty, P., Whiticar, S., Wang, Z., Fingas, M., Lambert, P., Fieldhouse, B., Mullen, J. 1996. A Catalogue of Crude Oil and Oil Product Properties (1996 Edition). Prepared for Environment Canada, EE-157, Ottawa, Ontario.	AD02323
AD00990	SEPINGGAN	31.7	15	US Crude and Porducts Import 1985 in Hazmat lib. OSPILL 1003	AD02326 (SEPINGGAN-YAKIN MIXED (4:1)),  AD01929 (SEPINGGAN-YAKIN MIXED, OIL & GAS)
AD00993	SERIA LIGHT	36.2	15	Yeager, John. 1986. U.S. Crude and Products Import 1985.  Prepared for the American Petroleum Institute, Washington, D.C. 14pp.	AD02327
AD01020	SOCKEYE	26.2	68	Whiticar, S. Bobra, M., Fingas, M., Jokuty, P., Liuzzo, P., Callaghan, S., Ackerman, F., and Coa, J. 1992. A Catalogue of Crude Oil and Oil Product Properties (1992 Edition). Prepared for Environment Canada, EE-144, Ottawa, Ontario. 643pp.	AD02336
AD01036	SPRAY OIL	41.1	15	Whiticar, S. Bobra, M., Fingas, M., Jokuty, P., Liuzzo, P., Callaghan, S., Ackerman, F., and Coa, J. 1992. A Catalogue of Crude Oil and Oil Product Properties (1992 Edition). Prepared for Environment Canada, EE-144, Ottawa, Ontario. 643pp.	ADO2350
AD01040	STATFJORD	37.8	73	Jokuty, P., Whiticar, S., Wang, Z., Fingas, M., Lambert, P., Fieldhouse, B., Mullen, J. 1996. A Catalogue of Crude Oil and Oil Product Properties (1996 Edition). Prepared for Environment Canada, EE-157, Ottawa, Ontario.	AD02351
AD01048	SUMATRAN HEAVY	20.3	45	Jokuty, P., Whiticar, S., Wang, Z., Fingas, M., Lambert, P., Fieldhouse, B., Mullen, J. 1996. A Catalogue of Crude Oil and Oil Product Properties (1996 Edition). Prepared for Environment Canada, EE-157, Ottawa, Ontario.	AD02352
AD01049	SUMATRAN LIGHT	32.9	45	Jokuty, P., Whiticar, S., Wang, Z., Fingas, M., Lambert, P., Fieldhouse, B., Mullen, J. 1996. A Catalogue of Crude Oil and Oil Product Properties (1996 Edition). Prepared for Environment Canada, EE-157, Ottawa, Ontario.	AD02353
AD01053	SWANSON RIVER	36.5	36	Whiticar, S. Bobra, M., Fingas, M., Jokuty, P., Liuzzo, P., Callaghan, S., Ackerman, F., and Coa, J. 1992. A Catalogue of Crude Oil and Oil Product Properties (1992 Edition). Prepared for Environment Canada, EE-144, Ottawa, Ontario. 643pp.	AD02354
AD01055	SYNTHETIC	32.6	49	Jokuty, P., Whiticar, S., Wang, Z., Fingas, M., Lambert, P., Fieldhouse, B., Mullen, J. 1996. A Catalogue of Crude Oil and Oil Product Properties (1996 Edition). Prepared for Environment Canada, EE-157, Ottawa, Ontario.	AD02356
AD01061	TAKULA	32.2	72	Jokuty, P., Whiticar, S., Wang, Z., Fingas, M., Lambert, P., Fieldhouse, B., Mullen, J. 1996. A Catalogue of Crude Oil and Oil Product Properties (1996 Edition). Prepared for Environment Canada, EE-157, Ottawa, Ontario.	AD02358
AD01067	TAPIS, OIL & GAS	44.3	15	Aalund, L. 1983.  Guide to export crudes for the '80s.  Oil and Gas Journal, December 12, 1983.	AD02359 (TAPIS),  EX00046 (Tapis)
AD01072	TARTAN	41.7	15	Whiticar, S. Bobra, M., Fingas, M., Jokuty, P., Liuzzo, P., Callaghan, S., Ackerman, F., and Coa, J. 1992. A Catalogue of Crude Oil and Oil Product Properties (1992 Edition). Prepared for Environment Canada, EE-144, Ottawa, Ontario. 643pp.	AD02362
AD01084	THEVENARD ISLAND	48.6	46	Jokuty, P., Whiticar, S., Wang, Z., Fingas, M., Lambert, P., Fieldhouse, B., Mullen, J. 1996. A Catalogue of Crude Oil and Oil Product Properties (1996 Edition). Prepared for Environment Canada, EE-157, Ottawa, Ontario.	AD02368
AD01085	THISTLE	37	20	Jokuty, P., Whiticar, S., Wang, Z., Fingas, M., Lambert, P., Fieldhouse, B., Mullen, J. 1996. A Catalogue of Crude Oil and Oil Product Properties (1996 Edition). Prepared for Environment Canada, EE-157, Ottawa, Ontario.	AD02369
AD01090	TIA JUANA HEAVY	12.1	15	Jokuty, P., Whiticar, S., Wang, Z., Fingas, M., Lambert, P., Fieldhouse, B., Mullen, J. 1996. A Catalogue of Crude Oil and Oil Product Properties (1996 Edition). Prepared for Environment Canada, EE-157, Ottawa, Ontario.	AD02370
AD01093	TIA JUANA LIGHT	32.1	15	Jokuty, P., Whiticar, S., Wang, Z., Fingas, M., Lambert, P., Fieldhouse, B., Mullen, J. 1996. A Catalogue of Crude Oil and Oil Product Properties (1996 Edition). Prepared for Environment Canada, EE-157, Ottawa, Ontario.	AD02371,  AD01094 (TIA JUANA LIGHT, CITGO),  AD01490 (TIA JUANA, SHELL OIL)
AD01117	TRADING BAY	32.8	24	Jokuty, P., Whiticar, S., Wang, Z., Fingas, M., Lambert, P., Fieldhouse, B., Mullen, J. 1996. A Catalogue of Crude Oil and Oil Product Properties (1996 Edition). Prepared for Environment Canada, EE-157, Ottawa, Ontario.	AD02373
AD01129	UDANG	14.3	48	Jokuty, P., Whiticar, S., Wang, Z., Fingas, M., Lambert, P., Fieldhouse, B., Mullen, J. 1996. A Catalogue of Crude Oil and Oil Product Properties (1996 Edition). Prepared for Environment Canada, EE-157, Ottawa, Ontario.	AD02376
AD01153	WABASCA BITUMEN	11	15	Whiticar, S. Bobra, M., Fingas, M., Jokuty, P., Liuzzo, P., Callaghan, S., Ackerman, F., and Coa, J. 1992. A Catalogue of Crude Oil and Oil Product Properties (1992 Edition). Prepared for Environment Canada, EE-144, Ottawa, Ontario. 643pp.	AD02384
AD01156	WAINWRIGHT-KINSELLA	23.1	15	Whiticar, S. Bobra, M., Fingas, M., Jokuty, P., Liuzzo, P., Callaghan, S., Ackerman, F., and Coa, J. 1992. A Catalogue of Crude Oil and Oil Product Properties (1992 Edition). Prepared for Environment Canada, EE-144, Ottawa, Ontario. 643pp.	AD02385
AD01161	WAXY LIGHT HEAVY BLEND	20.4	44	Jokuty, P., Whiticar, S., Wang, Z., Fingas, M., Lambert, P., Fieldhouse, B., Mullen, J. 1996. A Catalogue of Crude Oil and Oil Product Properties (1996 Edition). Prepared for Environment Canada, EE-157, Ottawa, Ontario.	AD02387
AD01176	WEST TEXAS INTERMEDIATE	36.4	72	Jokuty, P., Whiticar, S., Wang, Z., Fingas, M., Lambert, P., Fieldhouse, B., Mullen, J. 1996. A Catalogue of Crude Oil and Oil Product Properties (1996 Edition). Prepared for Environment Canada, EE-157, Ottawa, Ontario.	AD02391,  EC00736 (West Texas Intermediate [2001])
AD01178	WEST TEXAS SOUR	30.2	72	Jokuty, P., Whiticar, S., Wang, Z., Fingas, M., Lambert, P., Fieldhouse, B., Mullen, J. 1996. A Catalogue of Crude Oil and Oil Product Properties (1996 Edition). Prepared for Environment Canada, EE-157, Ottawa, Ontario.	AD02392,  AD01553 (WEST TEXAS SOUR, BP)
AD01188	ZAIRE	30.7	44	Jokuty, P., Whiticar, S., Wang, Z., Fingas, M., Lambert, P., Fieldhouse, B., Mullen, J. 1996. A Catalogue of Crude Oil and Oil Product Properties (1996 Edition). Prepared for Environment Canada, EE-157, Ottawa, Ontario.	AD02394
AD01198	ZARZAITINE, API	43	15	Yeager, John. 1986. U.S. Crude and Products Import 1985.  Prepared for the American Petroleum Institute, Washington, D.C. 14pp.	AD02396
AD01237	CHAMPION EXPORT, OIL & GAS	23.9	15	McNamara, J. (ed.), 1995. Oil & Gas Journal Data Book. Tulsa, OK: Pennwell Books. 411 pp.	AD02065
AD01243	ARDJUNA, OIL & GAS	35.2	15	McNamara, J. (ed.), 1995. Oil & Gas Journal Data Book. Tulsa, OK: Pennwell Books. 411 pp.	AD01814
AD01244	ARIMBI, OIL & GAS	31.8	15	McNamara, J. (ed.), 1995. Oil & Gas Journal Data Book. Tulsa, OK: Pennwell Books. 411 pp.	AD02006
AD01245	ATTAKA, OIL & GAS	42.3	15	McNamara, J. (ed.), 1995. Oil & Gas Journal Data Book. Tulsa, OK: Pennwell Books. 411 pp.	AD02012,  AD01813 (ATTAKA, SHELL REFINERY PTY)
AD01246	BADAK, OIL & GAS	41.3	15	McNamara, J. (ed.), 1995. Oil & Gas Journal Data Book. Tulsa, OK: Pennwell Books. 411 pp.	AD02020
AD01247	BEKAPAI, OIL & GAS	40	15	McNamara, J. (ed.), 1995. Oil & Gas Journal Data Book. Tulsa, OK: Pennwell Books. 411 pp.	AD02028
AD01248	BUNYU, OIL & GAS	31.7	15	McNamara, J. (ed.), 1995. Oil & Gas Journal Data Book. Tulsa, OK: Pennwell Books. 411 pp.	AD02054
AD01249	CINTA, OIL & GAS	33.4	15	McNamara, J. (ed.), 1995. Oil & Gas Journal Data Book. Tulsa, OK: Pennwell Books. 411 pp.	AD02066
AD01250	JATIBARANG, OIL & GAS	29	15	McNamara, J. (ed.), 1995. Oil & Gas Journal Data Book. Tulsa, OK: Pennwell Books. 411 pp.	AD02192
AD01252	SANGA SANGA, OIL & GAS	25.7	15	McNamara, J. (ed.), 1995. Oil & Gas Journal Data Book. Tulsa, OK: Pennwell Books. 411 pp.	AD02322
AD01253	BEKOK, OIL & GAS	49.1	15	McNamara, J. (ed.), 1995. Oil & Gas Journal Data Book. Tulsa, OK: Pennwell Books. 411 pp.	AD02029
AD01254	BINTULU, OIL & GAS	26.5	28	McNamara, J. (ed.), 1995. Oil & Gas Journal Data Book. Tulsa, OK: Pennwell Books. 411 pp.	AD01614
AD01256	PULAI, OIL & GAS	42.5	15	McNamara, J. (ed.), 1995. Oil & Gas Journal Data Book. Tulsa, OK: Pennwell Books. 411 pp.	AD02306
AD01260	TEMBUNGO, OIL & GAS	37.4	15	McNamara, J. (ed.), 1995. Oil & Gas Journal Data Book. Tulsa, OK: Pennwell Books. 411 pp.	AD02363
AD01261	MIRI LIGHT, OIL & GAS	36.3	15	McNamara, J. (ed.), 1995. Oil & Gas Journal Data Book. Tulsa, OK: Pennwell Books. 411 pp.	AD02259
AD01265	BACH HO, OIL & GAS	38.6	20	McNamara, J. (ed.), 1995. Oil & Gas Journal Data Book. Tulsa, OK: Pennwell Books. 411 pp.	AD02018
AD01267	SALAWATI, OIL & GAS	38	15	McNamara, J. (ed.), 1995. Oil & Gas Journal Data Book. Tulsa, OK: Pennwell Books. 411 pp.	AD02319
AD01268	WALIO, OIL & GAS	34.1	15	McNamara, J. (ed.), 1995. Oil & Gas Journal Data Book. Tulsa, OK: Pennwell Books. 411 pp.	AD02386
AD01272	GIPPSLAND, OIL & GAS	45.4	19	McNamara, J. (ed.), 1995. Oil & Gas Journal Data Book. Tulsa, OK: Pennwell Books. 411 pp.	AD02157,  AD00486 (GIPPSLAND, EXXON),  AD01834 (GIPPSLAND, AMSA),  AD01236 (GIPPSLAND, BHP PETROLEUM),  AD01452 (GIPPSLAND SHELL OIL)  AD01809, (GIPPSLAND SHELL REFINERY PTY)
AD01273	NORTHWEST SHELF CONDENSATE, OIL & GAS	53.1	20	McNamara, J. (ed.), 1995. Oil & Gas Journal Data Book. Tulsa, OK: Pennwell Books. 411 pp.	AD02283
AD01274	CANO LIMON, OIL & GAS	30.8	18	McNamara, J. (ed.), 1995. Oil & Gas Journal Data Book. Tulsa, OK: Pennwell Books. 411 pp.	AD01627
AD01282	BACHAQUERO, OIL & GAS	16.8	15	McNamara, J. (ed.), 1995. Oil & Gas Journal Data Book. Tulsa, OK: Pennwell Books. 411 pp.	AD02019
AD01284	CEUTA, OIL & GAS	31.8	15	McNamara, J. (ed.), 1995. Oil & Gas Journal Data Book. Tulsa, OK: Pennwell Books. 411 pp.	AD02064
AD01286	LAGOMEDIO, OIL & GAS	31.5	15	McNamara, J. (ed.), 1995. Oil & Gas Journal Data Book. Tulsa, OK: Pennwell Books. 411 pp.	AD00644 (LAGO MEDIO),  AD02212 (LAGOMEDIO)
AD01287	LEONA, OIL & GAS	24.1	15	McNamara, J. (ed.), 1995. Oil & Gas Journal Data Book. Tulsa, OK: Pennwell Books. 411 pp.	AD02213 (LEONA),  AD00674 (LEONA, CITGO)
AD01295	BURGAN, OIL & GAS	23.3	15	McNamara, J. (ed.), 1995. Oil & Gas Journal Data Book. Tulsa, OK: Pennwell Books. 411 pp.	AD02055
AD01296	EOCENE, OIL & GAS	18.6	15	McNamara, J. (ed.), 1995. Oil & Gas Journal Data Book. Tulsa, OK: Pennwell Books. 411 pp.	AD02111
AD01297	HOUT, OIL & GAS	32.8	15	McNamara, J. (ed.), 1995. Oil & Gas Journal Data Book. Tulsa, OK: Pennwell Books. 411 pp.	AD02177
AD01299	DUBAI, OIL & GAS	31.1	20	McNamara, J. (ed.), 1995. Oil & Gas Journal Data Book. Tulsa, OK: Pennwell Books. 411 pp.	AD02089,  AD00311 (DUBAI, CITGO)
AD01300	MARGHAM LIGHT, OIL & GAS	50.3	15	McNamara, J. (ed.), 1995. Oil & Gas Journal Data Book. Tulsa, OK: Pennwell Books. 411 pp.	AD00717 (MARGHAM), AD02246 (MARGHAM LIGHT)
AD01302	EAST ZEIT MIX, OIL & GAS	39	15	McNamara, J. (ed.), 1995. Oil & Gas Journal Data Book. Tulsa, OK: Pennwell Books. 411 pp.	AD02093
AD01303	GULF OF SUEZ, OIL & GAS	31.9	15	McNamara, J. (ed.), 1995. Oil & Gas Journal Data Book. Tulsa, OK: Pennwell Books. 411 pp.	AD02164 (GULF OF SUEZ MIX),  AD00513 (GULF OF SUEZ, PHILLIPS)
AD01304	ABOOZAR, OIL & GAS	26.9	20	McNamara, J. (ed.), 1995. Oil & Gas Journal Data Book. Tulsa, OK: Pennwell Books. 411 pp.	AD01983
AD01306	DORROOD, OIL & GAS	33.6	15	McNamara, J. (ed.), 1995. Oil & Gas Journal Data Book. Tulsa, OK: Pennwell Books. 411 pp.	AD02087
AD01307	FOROOZAN, OIL & GAS	31.3	15	McNamara, J. (ed.), 1995. Oil & Gas Journal Data Book. Tulsa, OK: Pennwell Books. 411 pp.	AD02130
AD01308	IRANIAN LIGHT, OIL & GAS	33.8	20	McNamara, J. (ed.), 1995. Oil & Gas Journal Data Book. Tulsa, OK: Pennwell Books. 411 pp.	AD02187
AD01309	ROSTAM, OIL & GAS	35.9	15	McNamara, J. (ed.), 1995. Oil & Gas Journal Data Book. Tulsa, OK: Pennwell Books. 411 pp.	AD02314
AD01310	SALMON, OIL & GAS	33.9	18	McNamara, J. (ed.), 1995. Oil & Gas Journal Data Book. Tulsa, OK: Pennwell Books. 411 pp.	AD02320
AD01311	SIRRI, OIL & GAS	30.9	20	McNamara, J. (ed.), 1995. Oil & Gas Journal Data Book. Tulsa, OK: Pennwell Books. 411 pp.	AD02333
AD01312	SOROOSH, OIL & GAS	18.1	15	McNamara, J. (ed.), 1995. Oil & Gas Journal Data Book. Tulsa, OK: Pennwell Books. 411 pp.	AD02340
AD01313	BASRAH HEAVY, OIL & GAS	24.7	15	McNamara, J. (ed.), 1995. Oil & Gas Journal Data Book. Tulsa, OK: Pennwell Books. 411 pp.	AD02023 (BASRAH HEAVY)
AD01318	OMAN EXPORT, OIL & GAS	36.3	15	McNamara, J. (ed.), 1995. Oil & Gas Journal Data Book. Tulsa, OK: Pennwell Books. 411 pp.	AD02287
AD01320	QATAR MARINE, OIL & GAS	35.3	15	McNamara, J. (ed.), 1995. Oil & Gas Journal Data Book. Tulsa, OK: Pennwell Books. 411 pp.	AD02307
AD01324	ARABIAN MEDIUM, OIL & GAS	30.8	19	McNamara, J. (ed.), 1995. Oil & Gas Journal Data Book. Tulsa, OK: Pennwell Books. 411 pp.	AD02003, AD00064 (ARABIAN MEDIUM, AMOCO), AD00066 (ARABIAN MEDIUM, CHEVRON), AD00062 (ARABIAN MEDIUM, EXXON), AD00063 (ARABIAN MEDIUM, PHILLIPS), AD01434 (ARABIAN MEDIUM, SHELL OIL), AD00065 (ARABIAN MEDIUM, STAR ENTERPRISE)
AD01325	MUBAREK, OIL & GAS	37	18	McNamara, J. (ed.), 1995. Oil & Gas Journal Data Book. Tulsa, OK: Pennwell Books. 411 pp.	AD02265
AD01327	SOUEDIE, OIL & GAS	24.9	15	McNamara, J. (ed.), 1995. Oil & Gas Journal Data Book. Tulsa, OK: Pennwell Books. 411 pp.	AD02341
AD01331	BREGA, OIL & GAS	40.4	19	McNamara, J. (ed.), 1995. Oil & Gas Journal Data Book. Tulsa, OK: Pennwell Books. 411 pp.	AD02047, AD00185 (BREGA, ARCO)
AD01333	ES SIDER, OIL & GAS	36.7	15	McNamara, J. (ed.), 1995. Oil & Gas Journal Data Book. Tulsa, OK: Pennwell Books. 411 pp.	AD02112
AD01336	ZUEITINA, OIL & GAS	41.3	15	McNamara, J. (ed.), 1995. Oil & Gas Journal Data Book. Tulsa, OK: Pennwell Books. 411 pp.	AD02397
AD01337	ASHTART, OIL & GAS	29	15	McNamara, J. (ed.), 1995. Oil & Gas Journal Data Book. Tulsa, OK: Pennwell Books. 411 pp.	AD02007
AD01340	FEDERATED LIGHT AND MEDIUM, OIL & GAS	39.7	15	McNamara, J. (ed.), 1995. Oil & Gas Journal Data Book. Tulsa, OK: Pennwell Books. 411 pp.	AD02122
AD01341	GULF ALBERTA, OIL & GAS	35.1	15	McNamara, J. (ed.), 1995. Oil & Gas Journal Data Book. Tulsa, OK: Pennwell Books. 411 pp.	AD02401
AD01344	WAINWRIGHT-KINSELLA, OIL & GAS	23.1	15	McNamara, J. (ed.), 1995. Oil & Gas Journal Data Book. Tulsa, OK: Pennwell Books. 411 pp.	AD02385
AD01349	HONDO BLEND, OIL & GAS	20.8	15	McNamara, J. (ed.), 1995. Oil & Gas Journal Data Book. Tulsa, OK: Pennwell Books. 411 pp.	AD02174
AD01350	HONDO MONTEREY, OIL & GAS	19.4	15	McNamara, J. (ed.), 1995. Oil & Gas Journal Data Book. Tulsa, OK: Pennwell Books. 411 pp.	AD02175
AD01351	HONDO SANDSTONE, OIL & GAS	35.2	15	McNamara, J. (ed.), 1995. Oil & Gas Journal Data Book. Tulsa, OK: Pennwell Books. 411 pp.	AD02176
AD01360	BEATRICE, OIL & GAS	38.7	18	McNamara, J. (ed.), 1995. Oil & Gas Journal Data Book. Tulsa, OK: Pennwell Books. 411 pp.	AD02027
AD01362	BRAE, OIL & GAS	33.6	15	McNamara, J. (ed.), 1995. Oil & Gas Journal Data Book. Tulsa, OK: Pennwell Books. 411 pp.	AD02045
AD01366	CORMORANT NORTH, OIL & GAS	34.9	15	McNamara, J. (ed.), 1995. Oil & Gas Journal Data Book. Tulsa, OK: Pennwell Books. 411 pp.	AD02073
AD01367	CORMORANT SOUTH, OIL & GAS	35.7	15	McNamara, J. (ed.), 1995. Oil & Gas Journal Data Book. Tulsa, OK: Pennwell Books. 411 pp.	AD02074
AD01371	KITTIWAKE, OIL & GAS	37	15	McNamara, J. (ed.), 1995. Oil & Gas Journal Data Book. Tulsa, OK: Pennwell Books. 411 pp.	AD02200
AD01383	DJENO BLEND, OIL & GAS	26.9	15	McNamara, J. (ed.), 1995. Oil & Gas Journal Data Book. Tulsa, OK: Pennwell Books. 411 pp.	AD02086
AD01385	LUCINA MARINE, OIL & GAS	39.5	15	McNamara, J. (ed.), 1995. Oil & Gas Journal Data Book. Tulsa, OK: Pennwell Books. 411 pp.	AD02403
AD01388	ESPOIR, OIL & GAS	31.4	15	McNamara, J. (ed.), 1995. Oil & Gas Journal Data Book. Tulsa, OK: Pennwell Books. 411 pp.	AD02115
AD01397	KUMKOL, OIL & GAS	42.5	20	McNamara, J. (ed.), 1995. Oil & Gas Journal Data Book. Tulsa, OK: Pennwell Books. 411 pp.	
AD01398	SIBERIAN LIGHT, OIL & GAS	37.8	20	McNamara, J. (ed.), 1995. Oil & Gas Journal Data Book. Tulsa, OK: Pennwell Books. 411 pp.	AD02332
AD01399	KUTUBU, OIL & GAS	44	20	McNamara, J. (ed.), 1995. Oil & Gas Journal Data Book. Tulsa, OK: Pennwell Books. 411 pp.	AD02206
AD01400	SALADIN, OIL & GAS	48.2	20	McNamara, J. (ed.), 1995. Oil & Gas Journal Data Book. Tulsa, OK: Pennwell Books. 411 pp.	AD02318
AD01402	HYDRA, OIL & GAS	37.5	15	McNamara, J. (ed.), 1995. Oil & Gas Journal Data Book. Tulsa, OK: Pennwell Books. 411 pp.	AD02178
AD01404	SKUA, OIL & GAS	41.9	15	McNamara, J. (ed.), 1995. Oil & Gas Journal Data Book. Tulsa, OK: Pennwell Books. 411 pp.	AD02335
AD01406	GRIFFIN, OIL & GAS	55	15	McNamara, J. (ed.), 1995. Oil & Gas Journal Data Book. Tulsa, OK: Pennwell Books. 411 pp.	AD02163,  AD01420 (GRIFFIN, AMSA)
AD01526	BELINDA, MARITIME SAFETY AUTHORITY OF NEW ZEALAND	44.98	15	Welsh,C., Maritime Safety Authority of New Zealand, Communication to Bill Lehr, NOAA, July 29, 1996.	AD02408
AD01531	BEKAPAI,  MARITIME SAFETY AUTHORITY OF NEW ZEALAND	41	20	Welsh,C., Maritime Safety Authority of New Zealand, Communication to Bill Lehr, NOAA, July 29, 1996.	AD01898 (BEKOPAI, CALTEX)
AD01551	DUKHAN, OIL & GAS	41.7	15	McNamara, J. (ed.), 1996. Oil & Gas Journal Data Book. Tulsa, OK: Pennwell Books. 398 pp.	AD02090
AD01558	CANADON	26.3	20	Aalund, L. 1995.  Four Argentine Crudes in World Market.  Oil and Gas Journal, April 17, 1995.	AD02059 (CANADON SECO),  AD00226 (CANADON SEC, PHILLIPS)
AD01559	ESCALANTE, OIL & GAS	24.1	20	Aalund, L. 1995.  Four Argentine Crudes in World Market.  Oil and Gas Journal, April 17, 1995.	AD02113
AD01570	BRENT BLEND 96	37.8	40	Jokuty, P., Whiticar, S., Wang, Z., Fingas, M., Lambert, P., Fieldhouse, Mullin, J. 1996. A Catalogue of Crude Oil and Oil Product Properties (1996 Edition). Prepared for Environment Canada, EE-157, Ottawa, Ontario.	AD02048 (BRENT BLEND),  EX00009 (Brent Blend)
AD01571	ARABIAN LIGHT 96	31.8	40	Jokuty, P., Whiticar, S., Wang, Z., Fingas, M., Lambert, P., Fieldhouse, Mullin, J. 1996. A Catalogue of Crude Oil and Oil Product Properties (1996 Edition). Prepared for Environment Canada, EE-157, Ottawa, Ontario.	AD02002 (ARABIAN LIGHT), AD02572
AD01572	ENDICOTT 96	23	40	Jokuty, P., Whiticar, S., Wang, Z., Fingas, M., Lambert, P., Fieldhouse, Mullin, J. 1996. A Catalogue of Crude Oil and Oil Product Properties (1996 Edition). Prepared for Environment Canada, EE-157, Ottawa, Ontario.	AD02110,  EC01952 (Endicott)
AD01576	LIVERPOOL BAY,  OIL & GAS JOURNAL	43.3	20	Rhodes, A. 1997. Welsh Crude Is Very Light and Sweet.  Oil and Gas Journal, May 12, 1997.	AD02214
AD01582	ABOOZAR	26.9	20	Jokuty, P., Whiticar, S., Wang, Z., Fingas, M., Lambert, P., Fieldhouse, B., Mullen, J. 1996. A Catalogue of Crude Oil and Oil Product Properties (1996 Edition). Prepared for Environment Canada, EE-157, Ottawa, Ontario.	AD01983
AD01583	ABU AL BU KHOOSH	31.6	15	Jokuty, P., Whiticar, S., Wang, Z., Fingas, M., Lambert, P., Fieldhouse, B., Mullen, J. 1996. A Catalogue of Crude Oil and Oil Product Properties (1996 Edition). Prepared for Environment Canada, EE-157, Ottawa, Ontario.	AD01984
AD01584	ALASKA NORTH SLOPE (MIDDLE PIPELINE, 1996)	27.87	15	Jokuty, P., Whiticar, S., Wang, Z., Fingas, M., Lambert, P., Fieldhouse, B., Mullen, J. 1996. A Catalogue of Crude Oil and Oil Product Properties (1996 Edition). Prepared for Environment Canada, EE-157, Ottawa, Ontario.	AD01987
AD01586	ALASKA NORTH SLOPE (NORTHERN PIPELINE, 1996)	30.6	22	Jokuty, P., Whiticar, S., Wang, Z., Fingas, M., Lambert, P., Fieldhouse, B., Mullen, J. 1996. A Catalogue of Crude Oil and Oil Product Properties (1996 Edition). Prepared for Environment Canada, EE-157, Ottawa, Ontario.	AD01988
AD01587	ALASKA NORTH SLOPE (SOCSEX, 1996)	29.03	23	Jokuty, P., Whiticar, S., Wang, Z., Fingas, M., Lambert, P., Fieldhouse, B., Mullen, J. 1996. A Catalogue of Crude Oil and Oil Product Properties (1996 Edition). Prepared for Environment Canada, EE-157, Ottawa, Ontario.	AD01989
AD01588	ALASKA NORTH SLOPE (SOUTHERN PIPELINE, 1996)	29.8	22	Jokuty, P., Whiticar, S., Wang, Z., Fingas, M., Lambert, P., Fieldhouse, B., Mullen, J. 1996. A Catalogue of Crude Oil and Oil Product Properties (1996 Edition). Prepared for Environment Canada, EE-157, Ottawa, Ontario.	AD01990
AD01589	ALBA (1996)	20	36	Jokuty, P., Whiticar, S., Wang, Z., Fingas, M., Lambert, P., Fieldhouse, B., Mullen, J. 1996. A Catalogue of Crude Oil and Oil Product Properties (1996 Edition). Prepared for Environment Canada, EE-157, Ottawa, Ontario.	AD01991,  AD02549
AD01590	ALBERTA SWEET MIXED BLEND (PETAWAWA, 1996)	35.1	46	Jokuty, P., Whiticar, S., Wang, Z., Fingas, M., Lambert, P., Fieldhouse, B., Mullen, J. 1996. A Catalogue of Crude Oil and Oil Product Properties (1996 Edition). Prepared for Environment Canada, EE-157, Ottawa, Ontario.	AD01993
AD01591	ALBERTA SWEET MIXED BLEND (REFERENCE #2, 1996)	37	48	Jokuty, P., Whiticar, S., Wang, Z., Fingas, M., Lambert, P., Fieldhouse, B., Mullen, J. 1996. A Catalogue of Crude Oil and Oil Product Properties (1996 Edition). Prepared for Environment Canada, EE-157, Ottawa, Ontario.	AD00025
AD01592	ALBERTA SWEET MIXED BLEND (REFERENCE #3, 1996)	37.1	50	Jokuty, P., Whiticar, S., Wang, Z., Fingas, M., Lambert, P., Fieldhouse, B., Mullen, J. 1996. A Catalogue of Crude Oil and Oil Product Properties (1996 Edition). Prepared for Environment Canada, EE-157, Ottawa, Ontario.	AD01995
AD01593	ALBERTA SWEET MIXED BLEND (REFERENCE #4, 1996)	36.1	46	Jokuty, P., Whiticar, S., Wang, Z., Fingas, M., Lambert, P., Fieldhouse, B., Mullen, J. 1996. A Catalogue of Crude Oil and Oil Product Properties (1996 Edition). Prepared for Environment Canada, EE-157, Ottawa, Ontario.	EC00511
AD01594	ARIMBI	31.8	15	Jokuty, P., Whiticar, S., Wang, Z., Fingas, M., Lambert, P., Fieldhouse, B., Mullen, J. 1996. A Catalogue of Crude Oil and Oil Product Properties (1996 Edition). Prepared for Environment Canada, EE-157, Ottawa, Ontario.	AD02006
AD01595	AMNA	36.1	15	Jokuty, P., Whiticar, S., Wang, Z., Fingas, M., Lambert, P., Fieldhouse, B., Mullen, J. 1996. A Catalogue of Crude Oil and Oil Product Properties (1996 Edition). Prepared for Environment Canada, EE-157, Ottawa, Ontario.	AD01999
AD01596	ARDJUNA	35.2	15	Jokuty, P., Whiticar, S., Wang, Z., Fingas, M., Lambert, P., Fieldhouse, B., Mullen, J. 1996. A Catalogue of Crude Oil and Oil Product Properties (1996 Edition). Prepared for Environment Canada, EE-157, Ottawa, Ontario.	AD01814 (ARDJUNA, SHELL REFINING PTY)
AD01597	ASHTART	29	15	Jokuty, P., Whiticar, S., Wang, Z., Fingas, M., Lambert, P., Fieldhouse, B., Mullen, J. 1996. A Catalogue of Crude Oil and Oil Product Properties (1996 Edition). Prepared for Environment Canada, EE-157, Ottawa, Ontario.	AD02007
AD01598	ASPHALT CHARGED STOCK	15.8	19	Jokuty, P., Whiticar, S., Wang, Z., Fingas, M., Lambert, P., Fieldhouse, B., Mullen, J. 1996. A Catalogue of Crude Oil and Oil Product Properties (1996 Edition). Prepared for Environment Canada, EE-157, Ottawa, Ontario.	AD02008
AD01600	ATTAKA	42.3	15	Jokuty, P., Whiticar, S., Wang, Z., Fingas, M., Lambert, P., Fieldhouse, B., Mullen, J. 1996. A Catalogue of Crude Oil and Oil Product Properties (1996 Edition). Prepared for Environment Canada, EE-157, Ottawa, Ontario.	AD02012
AD01601	BACH HO	38.6	20	Jokuty, P., Whiticar, S., Wang, Z., Fingas, M., Lambert, P., Fieldhouse, B., Mullen, J. 1996. A Catalogue of Crude Oil and Oil Product Properties (1996 Edition). Prepared for Environment Canada, EE-157, Ottawa, Ontario.	AD02018
AD01603	BADAK	41.3	15	Jokuty, P., Whiticar, S., Wang, Z., Fingas, M., Lambert, P., Fieldhouse, B., Mullen, J. 1996. A Catalogue of Crude Oil and Oil Product Properties (1996 Edition). Prepared for Environment Canada, EE-157, Ottawa, Ontario.	AD02020
AD01604	BAHRGANSAR/NOWRUZ	27.1	15	Jokuty, P., Whiticar, S., Wang, Z., Fingas, M., Lambert, P., Fieldhouse, B., Mullen, J. 1996. A Catalogue of Crude Oil and Oil Product Properties (1996 Edition). Prepared for Environment Canada, EE-157, Ottawa, Ontario.	AD02021
AD01605	BASRAH HEAVY	24.7	15	Jokuty, P., Whiticar, S., Wang, Z., Fingas, M., Lambert, P., Fieldhouse, B., Mullen, J. 1996. A Catalogue of Crude Oil and Oil Product Properties (1996 Edition). Prepared for Environment Canada, EE-157, Ottawa, Ontario.	AD02023
AD01606	BASRAH LIGHT	33.7	15	Jokuty, P., Whiticar, S., Wang, Z., Fingas, M., Lambert, P., Fieldhouse, B., Mullen, J. 1996. A Catalogue of Crude Oil and Oil Product Properties (1996 Edition). Prepared for Environment Canada, EE-157, Ottawa, Ontario.	AD02024
AD01607	BASRAH MEDIUM	31.1	15	Jokuty, P., Whiticar, S., Wang, Z., Fingas, M., Lambert, P., Fieldhouse, B., Mullen, J. 1996. A Catalogue of Crude Oil and Oil Product Properties (1996 Edition). Prepared for Environment Canada, EE-157, Ottawa, Ontario.	AD02025
AD01608	BEKAPAI	40	15	Jokuty, P., Whiticar, S., Wang, Z., Fingas, M., Lambert, P., Fieldhouse, B., Mullen, J. 1996. A Catalogue of Crude Oil and Oil Product Properties (1996 Edition). Prepared for Environment Canada, EE-157, Ottawa, Ontario.	AD02028
AD01610	BEKOK	49.1	15	Jokuty, P., Whiticar, S., Wang, Z., Fingas, M., Lambert, P., Fieldhouse, B., Mullen, J. 1996. A Catalogue of Crude Oil and Oil Product Properties (1996 Edition). Prepared for Environment Canada, EE-157, Ottawa, Ontario.	AD02029
AD01611	BELAYIM	27.5	15	Jokuty, P., Whiticar, S., Wang, Z., Fingas, M., Lambert, P., Fieldhouse, B., Mullen, J. 1996. A Catalogue of Crude Oil and Oil Product Properties (1996 Edition). Prepared for Environment Canada, EE-157, Ottawa, Ontario.	AD02030
AD01613	BERRI	37.2	15	Jokuty, P., Whiticar, S., Wang, Z., Fingas, M., Lambert, P., Fieldhouse, B., Mullen, J. 1996. A Catalogue of Crude Oil and Oil Product Properties (1996 Edition). Prepared for Environment Canada, EE-157, Ottawa, Ontario.	AD02035
AD01615	BOMBAY HIGH	39.4	15	Jokuty, P., Whiticar, S., Wang, Z., Fingas, M., Lambert, P., Fieldhouse, B., Mullen, J. 1996. A Catalogue of Crude Oil and Oil Product Properties (1996 Edition). Prepared for Environment Canada, EE-157, Ottawa, Ontario.	AD02039
AD01616	BONNY LIGHT	36.7	15	Jokuty, P., Whiticar, S., Wang, Z., Fingas, M., Lambert, P., Fieldhouse, B., Mullen, J. 1996. A Catalogue of Crude Oil and Oil Product Properties (1996 Edition). Prepared for Environment Canada, EE-157, Ottawa, Ontario.	AD02040
AD01619	BREGA	40.4	19	Jokuty, P., Whiticar, S., Wang, Z., Fingas, M., Lambert, P., Fieldhouse, B., Mullen, J. 1996. A Catalogue of Crude Oil and Oil Product Properties (1996 Edition). Prepared for Environment Canada, EE-157, Ottawa, Ontario.	AD02047
AD01623	BUNYU	31.7	15	Jokuty, P., Whiticar, S., Wang, Z., Fingas, M., Lambert, P., Fieldhouse, B., Mullen, J. 1996. A Catalogue of Crude Oil and Oil Product Properties (1996 Edition). Prepared for Environment Canada, EE-157, Ottawa, Ontario.	AD02054
AD01626	CANADON SECO	26.3	20	Jokuty, P., Whiticar, S., Wang, Z., Fingas, M., Lambert, P., Fieldhouse, B., Mullen, J. 1996. A Catalogue of Crude Oil and Oil Product Properties (1996 Edition). Prepared for Environment Canada, EE-157, Ottawa, Ontario.	AD02059
AD01628	CEUTA	31.8	15	Jokuty, P., Whiticar, S., Wang, Z., Fingas, M., Lambert, P., Fieldhouse, B., Mullen, J. 1996. A Catalogue of Crude Oil and Oil Product Properties (1996 Edition). Prepared for Environment Canada, EE-157, Ottawa, Ontario.	AD02064
AD01629	CHAMPION EXPORT	23.9	15	Jokuty, P., Whiticar, S., Wang, Z., Fingas, M., Lambert, P., Fieldhouse, B., Mullen, J. 1996. A Catalogue of Crude Oil and Oil Product Properties (1996 Edition). Prepared for Environment Canada, EE-157, Ottawa, Ontario.	AD02065
AD01630	CINTA	33.4	15	Jokuty, P., Whiticar, S., Wang, Z., Fingas, M., Lambert, P., Fieldhouse, B., Mullen, J. 1996. A Catalogue of Crude Oil and Oil Product Properties (1996 Edition). Prepared for Environment Canada, EE-157, Ottawa, Ontario.	AD02066
AD01631	COOPER BASIN	45.2	15	Jokuty, P., Whiticar, S., Wang, Z., Fingas, M., Lambert, P., Fieldhouse, B., Mullen, J. 1996. A Catalogue of Crude Oil and Oil Product Properties (1996 Edition). Prepared for Environment Canada, EE-157, Ottawa, Ontario.	AD02072
AD01632	CORMORANT NORTH	34.9	15	Jokuty, P., Whiticar, S., Wang, Z., Fingas, M., Lambert, P., Fieldhouse, B., Mullen, J. 1996. A Catalogue of Crude Oil and Oil Product Properties (1996 Edition). Prepared for Environment Canada, EE-157, Ottawa, Ontario.	AD02073
AD01633	CORMORANT SOUTH	35.7	15	Jokuty, P., Whiticar, S., Wang, Z., Fingas, M., Lambert, P., Fieldhouse, B., Mullen, J. 1996. A Catalogue of Crude Oil and Oil Product Properties (1996 Edition). Prepared for Environment Canada, EE-157, Ottawa, Ontario.	AD02074
AD01635	DAI HUNG	36.9	20	Jokuty, P., Whiticar, S., Wang, Z., Fingas, M., Lambert, P., Fieldhouse, B., Mullen, J. 1996. A Catalogue of Crude Oil and Oil Product Properties (1996 Edition). Prepared for Environment Canada, EE-157, Ottawa, Ontario.	AD02078,  AD01266 (DIA HUNG, OIL AND GAS)
AD01636	DANISH NORTH SEA	34.5	20	Jokuty, P., Whiticar, S., Wang, Z., Fingas, M., Lambert, P., Fieldhouse, B., Mullen, J. 1996. A Catalogue of Crude Oil and Oil Product Properties (1996 Edition). Prepared for Environment Canada, EE-157, Ottawa, Ontario.	AD02080
AD01637	DIESEL FUEL OIL (ALASKA)	38.8	22	Jokuty, P., Whiticar, S., Wang, Z., Fingas, M., Lambert, P., Fieldhouse, B., Mullen, J. 1996. A Catalogue of Crude Oil and Oil Product Properties (1996 Edition). Prepared for Environment Canada, EE-157, Ottawa, Ontario.	AD02081
AD01638	DORROOD	33.6	15	Jokuty, P., Whiticar, S., Wang, Z., Fingas, M., Lambert, P., Fieldhouse, B., Mullen, J. 1996. A Catalogue of Crude Oil and Oil Product Properties (1996 Edition). Prepared for Environment Canada, EE-157, Ottawa, Ontario.	AD02087
AD01639	DJENO BLEND	26.9	15	Jokuty, P., Whiticar, S., Wang, Z., Fingas, M., Lambert, P., Fieldhouse, B., Mullen, J. 1996. A Catalogue of Crude Oil and Oil Product Properties (1996 Edition). Prepared for Environment Canada, EE-157, Ottawa, Ontario.	AD02086
AD01640	DUBAI	31.1	20	Jokuty, P., Whiticar, S., Wang, Z., Fingas, M., Lambert, P., Fieldhouse, B., Mullen, J. 1996. A Catalogue of Crude Oil and Oil Product Properties (1996 Edition). Prepared for Environment Canada, EE-157, Ottawa, Ontario.	AD02089
AD01641	DUKHAN	41.7	15	Jokuty, P., Whiticar, S., Wang, Z., Fingas, M., Lambert, P., Fieldhouse, B., Mullen, J. 1996. A Catalogue of Crude Oil and Oil Product Properties (1996 Edition). Prepared for Environment Canada, EE-157, Ottawa, Ontario.	AD02090
AD01643	EAST ZEIT MIX	39	15	Jokuty, P., Whiticar, S., Wang, Z., Fingas, M., Lambert, P., Fieldhouse, B., Mullen, J. 1996. A Catalogue of Crude Oil and Oil Product Properties (1996 Edition). Prepared for Environment Canada, EE-157, Ottawa, Ontario.	AD02093
AD01644	EMERALD	22	40	Jokuty, P., Whiticar, S., Wang, Z., Fingas, M., Lambert, P., Fieldhouse, B., Mullen, J. 1996. A Catalogue of Crude Oil and Oil Product Properties (1996 Edition). Prepared for Environment Canada, EE-157, Ottawa, Ontario.	AD02099
AD01645	EOCENE	18.6	15	Jokuty, P., Whiticar, S., Wang, Z., Fingas, M., Lambert, P., Fieldhouse, B., Mullen, J. 1996. A Catalogue of Crude Oil and Oil Product Properties (1996 Edition). Prepared for Environment Canada, EE-157, Ottawa, Ontario.	AD02111
AD01646	ES SIDER	36.7	15	Jokuty, P., Whiticar, S., Wang, Z., Fingas, M., Lambert, P., Fieldhouse, B., Mullen, J. 1996. A Catalogue of Crude Oil and Oil Product Properties (1996 Edition). Prepared for Environment Canada, EE-157, Ottawa, Ontario.	AD02112
AD01647	ESCALANTE	24.1	20	Jokuty, P., Whiticar, S., Wang, Z., Fingas, M., Lambert, P., Fieldhouse, B., Mullen, J. 1996. A Catalogue of Crude Oil and Oil Product Properties (1996 Edition). Prepared for Environment Canada, EE-157, Ottawa, Ontario.	AD02113
AD01648	ESCRAVOS	36.2	15	Jokuty, P., Whiticar, S., Wang, Z., Fingas, M., Lambert, P., Fieldhouse, B., Mullen, J. 1996. A Catalogue of Crude Oil and Oil Product Properties (1996 Edition). Prepared for Environment Canada, EE-157, Ottawa, Ontario.	AD02114
AD01649	ESPOIR	31.4	15	Jokuty, P., Whiticar, S., Wang, Z., Fingas, M., Lambert, P., Fieldhouse, B., Mullen, J. 1996. A Catalogue of Crude Oil and Oil Product Properties (1996 Edition). Prepared for Environment Canada, EE-157, Ottawa, Ontario.	AD02115
AD01650	EUGENE ISLAND BLOCK 32	36.9	46	Jokuty, P., Whiticar, S., Wang, Z., Fingas, M., Lambert, P., Fieldhouse, B., Mullen, J. 1996. A Catalogue of Crude Oil and Oil Product Properties (1996 Edition). Prepared for Environment Canada, EE-157, Ottawa, Ontario.	AD02116
AD01651	EUGENE ISLAND BLOCK 43	36.8	46	Jokuty, P., Whiticar, S., Wang, Z., Fingas, M., Lambert, P., Fieldhouse, B., Mullen, J. 1996. A Catalogue of Crude Oil and Oil Product Properties (1996 Edition). Prepared for Environment Canada, EE-157, Ottawa, Ontario.	AD02117
AD01656	FORCADOS BLEND	29.7	15	Jokuty, P., Whiticar, S., Wang, Z., Fingas, M., Lambert, P., Fieldhouse, B., Mullen, J. 1996. A Catalogue of Crude Oil and Oil Product Properties (1996 Edition). Prepared for Environment Canada, EE-157, Ottawa, Ontario.	AD02129
AD01657	FOROOZAN	31.3	15	Jokuty, P., Whiticar, S., Wang, Z., Fingas, M., Lambert, P., Fieldhouse, B., Mullen, J. 1996. A Catalogue of Crude Oil and Oil Product Properties (1996 Edition). Prepared for Environment Canada, EE-157, Ottawa, Ontario.	AD02130
AD01658	FORTIES BLEND	40.26	18	Jokuty, P., Whiticar, S., Wang, Z., Fingas, M., Lambert, P., Fieldhouse, B., Mullen, J. 1996. A Catalogue of Crude Oil and Oil Product Properties (1996 Edition). Prepared for Environment Canada, EE-157, Ottawa, Ontario.	AD02131,  EX00018 (Forties Blend)
AD01659	FUEL OIL NO.1 (JET B, ALASKA)	42.9	22	Jokuty, P., Whiticar, S., Wang, Z., Fingas, M., Lambert, P., Fieldhouse, B., Mullen, J. 1996. A Catalogue of Crude Oil and Oil Product Properties (1996 Edition). Prepared for Environment Canada, EE-157, Ottawa, Ontario.	AD01765
AD01661	GALEOTA MIX	32.8	23	Jokuty, P., Whiticar, S., Wang, Z., Fingas, M., Lambert, P., Fieldhouse, B., Mullen, J. 1996. A Catalogue of Crude Oil and Oil Product Properties (1996 Edition). Prepared for Environment Canada, EE-157, Ottawa, Ontario.	AD02145
AD01662	GAMBA	31.8	15	Jokuty, P., Whiticar, S., Wang, Z., Fingas, M., Lambert, P., Fieldhouse, B., Mullen, J. 1996. A Catalogue of Crude Oil and Oil Product Properties (1996 Edition). Prepared for Environment Canada, EE-157, Ottawa, Ontario.	AD02146
AD01663	GIPPSLAND	47	20	Jokuty, P., Whiticar, S., Wang, Z., Fingas, M., Lambert, P., Fieldhouse, B., Mullen, J. 1996. A Catalogue of Crude Oil and Oil Product Properties (1996 Edition). Prepared for Environment Canada, EE-157, Ottawa, Ontario.	AD02157
AD01664	GREEN CANYON BLOCK 65	19.5	72	Jokuty, P., Whiticar, S., Wang, Z., Fingas, M., Lambert, P., Fieldhouse, B., Mullen, J. 1996. A Catalogue of Crude Oil and Oil Product Properties (1996 Edition). Prepared for Environment Canada, EE-157, Ottawa, Ontario.	AD02162
AD01665	GREEN CANYON BLOCK 109	27	71	Jokuty, P., Whiticar, S., Wang, Z., Fingas, M., Lambert, P., Fieldhouse, B., Mullen, J. 1996. A Catalogue of Crude Oil and Oil Product Properties (1996 Edition). Prepared for Environment Canada, EE-157, Ottawa, Ontario.	AD02160
AD01666	GRIFFIN	55	15	Jokuty, P., Whiticar, S., Wang, Z., Fingas, M., Lambert, P., Fieldhouse, B., Mullen, J. 1996. A Catalogue of Crude Oil and Oil Product Properties (1996 Edition). Prepared for Environment Canada, EE-157, Ottawa, Ontario.	AD02163,  AD01420 (GRIFFIN, AMSA)
AD01667	GULF OF SUEZ	31.9	15	Jokuty, P., Whiticar, S., Wang, Z., Fingas, M., Lambert, P., Fieldhouse, B., Mullen, J. 1996. A Catalogue of Crude Oil and Oil Product Properties (1996 Edition). Prepared for Environment Canada, EE-157, Ottawa, Ontario.	AD02164
AD01668	HANDIL	32.8	15	Jokuty, P., Whiticar, S., Wang, Z., Fingas, M., Lambert, P., Fieldhouse, B., Mullen, J. 1996. A Catalogue of Crude Oil and Oil Product Properties (1996 Edition). Prepared for Environment Canada, EE-157, Ottawa, Ontario.	AD02166
AD01669	HIBERNIA (EPA 86)	28.3	62	Jokuty, P., Whiticar, S., Wang, Z., Fingas, M., Lambert, P., Fieldhouse, B., Mullen, J. 1996. A Catalogue of Crude Oil and Oil Product Properties (1996 Edition). Prepared for Environment Canada, EE-157, Ottawa, Ontario.	AD02171
AD01670	HIGH VISCOSITY FUEL OIL	8.51	44	Jokuty, P., Whiticar, S., Wang, Z., Fingas, M., Lambert, P., Fieldhouse, B., Mullen, J. 1996. A Catalogue of Crude Oil and Oil Product Properties (1996 Edition). Prepared for Environment Canada, EE-157, Ottawa, Ontario.	AD02172
AD01671	HONDO BLEND	20.8	15	Jokuty, P., Whiticar, S., Wang, Z., Fingas, M., Lambert, P., Fieldhouse, B., Mullen, J. 1996. A Catalogue of Crude Oil and Oil Product Properties (1996 Edition). Prepared for Environment Canada, EE-157, Ottawa, Ontario.	AD02174
AD01672	HONDO MONTEREY	19.4	15	Jokuty, P., Whiticar, S., Wang, Z., Fingas, M., Lambert, P., Fieldhouse, B., Mullen, J. 1996. A Catalogue of Crude Oil and Oil Product Properties (1996 Edition). Prepared for Environment Canada, EE-157, Ottawa, Ontario.	AD02175
AD01673	HONDO SANSTONE	35.2	15	Jokuty, P., Whiticar, S., Wang, Z., Fingas, M., Lambert, P., Fieldhouse, B., Mullen, J. 1996. A Catalogue of Crude Oil and Oil Product Properties (1996 Edition). Prepared for Environment Canada, EE-157, Ottawa, Ontario.	AD02176
AD01674	HOUT	32.38	48	Jokuty, P., Whiticar, S., Wang, Z., Fingas, M., Lambert, P., Fieldhouse, B., Mullen, J. 1996. A Catalogue of Crude Oil and Oil Product Properties (1996 Edition). Prepared for Environment Canada, EE-157, Ottawa, Ontario.	AD02177
AD01675	HYDRA	37.5	15	Jokuty, P., Whiticar, S., Wang, Z., Fingas, M., Lambert, P., Fieldhouse, B., Mullen, J. 1996. A Catalogue of Crude Oil and Oil Product Properties (1996 Edition). Prepared for Environment Canada, EE-157, Ottawa, Ontario.	AD02178
AD01677	IFO 300	11.9	44	Jokuty, P., Whiticar, S., Wang, Z., Fingas, M., Lambert, P., Fieldhouse, B., Mullen, J. 1996. A Catalogue of Crude Oil and Oil Product Properties (1996 Edition). Prepared for Environment Canada, EE-157, Ottawa, Ontario.	AD02428
AD01678	IRANIAN LIGHT	33.8	20	Jokuty, P., Whiticar, S., Wang, Z., Fingas, M., Lambert, P., Fieldhouse, B., Mullen, J. 1996. A Catalogue of Crude Oil and Oil Product Properties (1996 Edition). Prepared for Environment Canada, EE-157, Ottawa, Ontario.	AD02187
AD01679	JATIBARANG	29	15	Jokuty, P., Whiticar, S., Wang, Z., Fingas, M., Lambert, P., Fieldhouse, B., Mullen, J. 1996. A Catalogue of Crude Oil and Oil Product Properties (1996 Edition). Prepared for Environment Canada, EE-157, Ottawa, Ontario.	AD02192
AD01680	KHALDA	38	15	Jokuty, P., Whiticar, S., Wang, Z., Fingas, M., Lambert, P., Fieldhouse, B., Mullen, J. 1996. A Catalogue of Crude Oil and Oil Product Properties (1996 Edition). Prepared for Environment Canada, EE-157, Ottawa, Ontario.	AD02197
AD01681	KITTIWAKE	36.8	15	Jokuty, P., Whiticar, S., Wang, Z., Fingas, M., Lambert, P., Fieldhouse, B., Mullen, J. 1996. A Catalogue of Crude Oil and Oil Product Properties (1996 Edition). Prepared for Environment Canada, EE-157, Ottawa, Ontario.	AD02200
AD01682	KOLE MARINE BLEND	34.9	15	Jokuty, P., Whiticar, S., Wang, Z., Fingas, M., Lambert, P., Fieldhouse, B., Mullen, J. 1996. A Catalogue of Crude Oil and Oil Product Properties (1996 Edition). Prepared for Environment Canada, EE-157, Ottawa, Ontario.	AD02202
AD01683	KOMINEFT	36.7	73	Jokuty, P., Whiticar, S., Wang, Z., Fingas, M., Lambert, P., Fieldhouse, B., Mullen, J. 1996. A Catalogue of Crude Oil and Oil Product Properties (1996 Edition). Prepared for Environment Canada, EE-157, Ottawa, Ontario.	AD02203
AD01684	KUMKOL	42.5	20	Jokuty, P., Whiticar, S., Wang, Z., Fingas, M., Lambert, P., Fieldhouse, B., Mullen, J. 1996. A Catalogue of Crude Oil and Oil Product Properties (1996 Edition). Prepared for Environment Canada, EE-157, Ottawa, Ontario.	
AD01685	KUTUBU	44	20	Jokuty, P., Whiticar, S., Wang, Z., Fingas, M., Lambert, P., Fieldhouse, B., Mullen, J. 1996. A Catalogue of Crude Oil and Oil Product Properties (1996 Edition). Prepared for Environment Canada, EE-157, Ottawa, Ontario.	AD02206
AD01686	LABUAN BLEND	33.2	15	Jokuty, P., Whiticar, S., Wang, Z., Fingas, M., Lambert, P., Fieldhouse, B., Mullen, J. 1996. A Catalogue of Crude Oil and Oil Product Properties (1996 Edition). Prepared for Environment Canada, EE-157, Ottawa, Ontario.	AD02209
AD01687	LEONA	24.1	15	Jokuty, P., Whiticar, S., Wang, Z., Fingas, M., Lambert, P., Fieldhouse, B., Mullen, J. 1996. A Catalogue of Crude Oil and Oil Product Properties (1996 Edition). Prepared for Environment Canada, EE-157, Ottawa, Ontario.	AD02213
AD01688	LORETO	34	18	Jokuty, P., Whiticar, S., Wang, Z., Fingas, M., Lambert, P., Fieldhouse, B., Mullen, J. 1996. A Catalogue of Crude Oil and Oil Product Properties (1996 Edition). Prepared for Environment Canada, EE-157, Ottawa, Ontario.	AD02216
AD01689	LOUISIANA	34.5	48	Jokuty, P., Whiticar, S., Wang, Z., Fingas, M., Lambert, P., Fieldhouse, B., Mullen, J. 1996. A Catalogue of Crude Oil and Oil Product Properties (1996 Edition). Prepared for Environment Canada, EE-157, Ottawa, Ontario.	AD02217
AD01691	LOW SULFUR WAXY RESIDUUM	39.25	46	Jokuty, P., Whiticar, S., Wang, Z., Fingas, M., Lambert, P., Fieldhouse, B., Mullen, J. 1996. A Catalogue of Crude Oil and Oil Product Properties (1996 Edition). Prepared for Environment Canada, EE-157, Ottawa, Ontario.	AD02219
AD01692	LUCINA MARINE	39.5	15	Jokuty, P., Whiticar, S., Wang, Z., Fingas, M., Lambert, P., Fieldhouse, B., Mullen, J. 1996. A Catalogue of Crude Oil and Oil Product Properties (1996 Edition). Prepared for Environment Canada, EE-157, Ottawa, Ontario.	AD02403
AD01693	MAIN PASS BLOCK 37	38.7	74	Jokuty, P., Whiticar, S., Wang, Z., Fingas, M., Lambert, P., Fieldhouse, B., Mullen, J. 1996. A Catalogue of Crude Oil and Oil Product Properties (1996 Edition). Prepared for Environment Canada, EE-157, Ottawa, Ontario.	AD02243
AD01694	MAIN PASS BLOCK 306	32.8	50	Jokuty, P., Whiticar, S., Wang, Z., Fingas, M., Lambert, P., Fieldhouse, B., Mullen, J. 1996. A Catalogue of Crude Oil and Oil Product Properties (1996 Edition). Prepared for Environment Canada, EE-157, Ottawa, Ontario.	AD02242
AD01695	MANDJI	30.5	15	Jokuty, P., Whiticar, S., Wang, Z., Fingas, M., Lambert, P., Fieldhouse, B., Mullen, J. 1996. A Catalogue of Crude Oil and Oil Product Properties (1996 Edition). Prepared for Environment Canada, EE-157, Ottawa, Ontario.	AD02245
AD01696	MARGHAM LIGHT	50.3	15	Jokuty, P., Whiticar, S., Wang, Z., Fingas, M., Lambert, P., Fieldhouse, B., Mullen, J. 1996. A Catalogue of Crude Oil and Oil Product Properties (1996 Edition). Prepared for Environment Canada, EE-157, Ottawa, Ontario.	AD02246
AD01697	MARS BLEND	31	15	Jokuty, P., Whiticar, S., Wang, Z., Fingas, M., Lambert, P., Fieldhouse, B., Mullen, J. 1996. A Catalogue of Crude Oil and Oil Product Properties (1996 Edition). Prepared for Environment Canada, EE-157, Ottawa, Ontario.	AD02251
AD01698	MEDANITO	35.1	20	Jokuty, P., Whiticar, S., Wang, Z., Fingas, M., Lambert, P., Fieldhouse, B., Mullen, J. 1996. A Catalogue of Crude Oil and Oil Product Properties (1996 Edition). Prepared for Environment Canada, EE-157, Ottawa, Ontario.	AD02256,  AD01557 (MEDANITO, OIL & GAS)
AD01699	MEREY	17.4	15	Jokuty, P., Whiticar, S., Wang, Z., Fingas, M., Lambert, P., Fieldhouse, B., Mullen, J. 1996. A Catalogue of Crude Oil and Oil Product Properties (1996 Edition). Prepared for Environment Canada, EE-157, Ottawa, Ontario.	AD02257
AD01700	MIRI LIGHT	36.3	15	Jokuty, P., Whiticar, S., Wang, Z., Fingas, M., Lambert, P., Fieldhouse, B., Mullen, J. 1996. A Catalogue of Crude Oil and Oil Product Properties (1996 Edition). Prepared for Environment Canada, EE-157, Ottawa, Ontario.	AD02259
AD01701	MISSISSIPPI CANYON BLOCK 194	35.2	50	Jokuty, P., Whiticar, S., Wang, Z., Fingas, M., Lambert, P., Fieldhouse, B., Mullen, J. 1996. A Catalogue of Crude Oil and Oil Product Properties (1996 Edition). Prepared for Environment Canada, EE-157, Ottawa, Ontario.F	AD02260
AD01702	MUBAREK	37	18	Jokuty, P., Whiticar, S., Wang, Z., Fingas, M., Lambert, P., Fieldhouse, B., Mullen, J. 1996. A Catalogue of Crude Oil and Oil Product Properties (1996 Edition). Prepared for Environment Canada, EE-157, Ottawa, Ontario.	AD02265
AD01703	OLMECA	39.8	15	Jokuty, P., Whiticar, S., Wang, Z., Fingas, M., Lambert, P., Fieldhouse, B., Mullen, J. 1996. A Catalogue of Crude Oil and Oil Product Properties (1996 Edition). Prepared for Environment Canada, EE-157, Ottawa, Ontario.	AD01907 (OLMECA, OIL & GAS)
AD01704	OMAN EXPORT	36.3	15	Jokuty, P., Whiticar, S., Wang, Z., Fingas, M., Lambert, P., Fieldhouse, B., Mullen, J. 1996. A Catalogue of Crude Oil and Oil Product Properties (1996 Edition). Prepared for Environment Canada, EE-157, Ottawa, Ontario.	AD02287
AD01709	POINT ARGUELLO COMINGLED	21.4	45	Jokuty, P., Whiticar, S., Wang, Z., Fingas, M., Lambert, P., Fieldhouse, B., Mullen, J. 1996. A Catalogue of Crude Oil and Oil Product Properties (1996 Edition). Prepared for Environment Canada, EE-157, Ottawa, Ontario.	AD02284
AD01710	POINT ARGUELLO HEAVY	18.2	42	Jokuty, P., Whiticar, S., Wang, Z., Fingas, M., Lambert, P., Fieldhouse, B., Mullen, J. 1996. A Catalogue of Crude Oil and Oil Product Properties (1996 Edition). Prepared for Environment Canada, EE-157, Ottawa, Ontario.	AD02286
AD01711	POINT ARGUELLO LIGHT	30.3	48	Jokuty, P., Whiticar, S., Wang, Z., Fingas, M., Lambert, P., Fieldhouse, B., Mullen, J. 1996. A Catalogue of Crude Oil and Oil Product Properties (1996 Edition). Prepared for Environment Canada, EE-157, Ottawa, Ontario.	AD02301
AD01713	PRUDHOE BAY (1995)	28.5	48	Jokuty, P., Whiticar, S., Wang, Z., Fingas, M., Lambert, P., Fieldhouse, B., Mullen, J. 1996. A Catalogue of Crude Oil and Oil Product Properties (1996 Edition). Prepared for Environment Canada, EE-157, Ottawa, Ontario.	AD02305
AD01714	PULAI	42.5	15	Jokuty, P., Whiticar, S., Wang, Z., Fingas, M., Lambert, P., Fieldhouse, B., Mullen, J. 1996. A Catalogue of Crude Oil and Oil Product Properties (1996 Edition). Prepared for Environment Canada, EE-157, Ottawa, Ontario.	AD02306
AD01715	QATAR MARINE	35.3	15	Jokuty, P., Whiticar, S., Wang, Z., Fingas, M., Lambert, P., Fieldhouse, B., Mullen, J. 1996. A Catalogue of Crude Oil and Oil Product Properties (1996 Edition). Prepared for Environment Canada, EE-157, Ottawa, Ontario.	AD02307
AD01716	QUA IBOE	35.8	20	Jokuty, P., Whiticar, S., Wang, Z., Fingas, M., Lambert, P., Fieldhouse, B., Mullen, J. 1996. A Catalogue of Crude Oil and Oil Product Properties (1996 Edition). Prepared for Environment Canada, EE-157, Ottawa, Ontario.	AD02308
AD01718	RINCON DE LOS SAUCES	36.1	20	Jokuty, P., Whiticar, S., Wang, Z., Fingas, M., Lambert, P., Fieldhouse, B., Mullen, J. 1996. A Catalogue of Crude Oil and Oil Product Properties (1996 Edition). Prepared for Environment Canada, EE-157, Ottawa, Ontario.	AD02312,  AD01556 (RINCON DE LOS SAUCES, OIL & GAS)
AD01719	ROSTAM	35.9	15	Jokuty, P., Whiticar, S., Wang, Z., Fingas, M., Lambert, P., Fieldhouse, B., Mullen, J. 1996. A Catalogue of Crude Oil and Oil Product Properties (1996 Edition). Prepared for Environment Canada, EE-157, Ottawa, Ontario.	AD02314
AD01720	SAHARAN BLEND	45.5	15	Jokuty, P., Whiticar, S., Wang, Z., Fingas, M., Lambert, P., Fieldhouse, B., Mullen, J. 1996. A Catalogue of Crude Oil and Oil Product Properties (1996 Edition). Prepared for Environment Canada, EE-157, Ottawa, Ontario.	AD01930 (SAHARAN BLEND, OIL & GAS)
AD01721	SALADIN	48.2	20	Jokuty, P., Whiticar, S., Wang, Z., Fingas, M., Lambert, P., Fieldhouse, B., Mullen, J. 1996. A Catalogue of Crude Oil and Oil Product Properties (1996 Edition). Prepared for Environment Canada, EE-157, Ottawa, Ontario.	AD02318
AD01722	SALAWATI	38	15	Jokuty, P., Whiticar, S., Wang, Z., Fingas, M., Lambert, P., Fieldhouse, B., Mullen, J. 1996. A Catalogue of Crude Oil and Oil Product Properties (1996 Edition). Prepared for Environment Canada, EE-157, Ottawa, Ontario.	AD02319
AD01723	SALMON	33.9	18	Jokuty, P., Whiticar, S., Wang, Z., Fingas, M., Lambert, P., Fieldhouse, B., Mullen, J. 1996. A Catalogue of Crude Oil and Oil Product Properties (1996 Edition). Prepared for Environment Canada, EE-157, Ottawa, Ontario.	AD02320
AD01725	SANGA SANGA	25.59	15	Jokuty, P., Whiticar, S., Wang, Z., Fingas, M., Lambert, P., Fieldhouse, B., Mullen, J. 1996. A Catalogue of Crude Oil and Oil Product Properties (1996 Edition). Prepared for Environment Canada, EE-157, Ottawa, Ontario.	AD02322
AD01727	SEPINGGAN-YAKIN MIXED (4:1)	31.7	15	Jokuty, P., Whiticar, S., Wang, Z., Fingas, M., Lambert, P., Fieldhouse, B., Mullen, J. 1996. A Catalogue of Crude Oil and Oil Product Properties (1996 Edition). Prepared for Environment Canada, EE-157, Ottawa, Ontario.	AD02326,  AD01929 (SEPINGGAN-YAKIN MIXED, OIL & GAS)
AD01728	SHARJAH CONDENSATE	49.5	20	Jokuty, P., Whiticar, S., Wang, Z., Fingas, M., Lambert, P., Fieldhouse, B., Mullen, J. 1996. A Catalogue of Crude Oil and Oil Product Properties (1996 Edition). Prepared for Environment Canada, EE-157, Ottawa, Ontario.	AD02328
AD01729	SHENGLI	24.2	15	Jokuty, P., Whiticar, S., Wang, Z., Fingas, M., Lambert, P., Fieldhouse, B., Mullen, J. 1996. A Catalogue of Crude Oil and Oil Product Properties (1996 Edition). Prepared for Environment Canada, EE-157, Ottawa, Ontario.	AD02329
AD01730	SHIP SHOAL BLOCK 239	26.1	76	Jokuty, P., Whiticar, S., Wang, Z., Fingas, M., Lambert, P., Fieldhouse, B., Mullen, J. 1996. A Catalogue of Crude Oil and Oil Product Properties (1996 Edition). Prepared for Environment Canada, EE-157, Ottawa, Ontario.	AD02330
AD01731	SHIP SHOAL BLOCK 269	38.7	50	Jokuty, P., Whiticar, S., Wang, Z., Fingas, M., Lambert, P., Fieldhouse, B., Mullen, J. 1996. A Catalogue of Crude Oil and Oil Product Properties (1996 Edition). Prepared for Environment Canada, EE-157, Ottawa, Ontario.	AD02331
AD01733	SIRRI	30.9	20	Jokuty, P., Whiticar, S., Wang, Z., Fingas, M., Lambert, P., Fieldhouse, B., Mullen, J. 1996. A Catalogue of Crude Oil and Oil Product Properties (1996 Edition). Prepared for Environment Canada, EE-157, Ottawa, Ontario.	AD02333
AD01735	SKUA	41.9	15	Jokuty, P., Whiticar, S., Wang, Z., Fingas, M., Lambert, P., Fieldhouse, B., Mullen, J. 1996. A Catalogue of Crude Oil and Oil Product Properties (1996 Edition). Prepared for Environment Canada, EE-157, Ottawa, Ontario.	AD02335
AD01736	SOROOSH	18.1	15	Jokuty, P., Whiticar, S., Wang, Z., Fingas, M., Lambert, P., Fieldhouse, B., Mullen, J. 1996. A Catalogue of Crude Oil and Oil Product Properties (1996 Edition). Prepared for Environment Canada, EE-157, Ottawa, Ontario.	AD02340
AD01737	SOUEDIE	24.9	15	Jokuty, P., Whiticar, S., Wang, Z., Fingas, M., Lambert, P., Fieldhouse, B., Mullen, J. 1996. A Catalogue of Crude Oil and Oil Product Properties (1996 Edition). Prepared for Environment Canada, EE-157, Ottawa, Ontario.	AD02341
AD01738	SOUTH PASS BLOCK 60	35.8	76	Jokuty, P., Whiticar, S., Wang, Z., Fingas, M., Lambert, P., Fieldhouse, B., Mullen, J. 1996. A Catalogue of Crude Oil and Oil Product Properties (1996 Edition). Prepared for Environment Canada, EE-157, Ottawa, Ontario.	AD02344
AD01740	SOUTH PASS BLOCK 93	33.4	76	Jokuty, P., Whiticar, S., Wang, Z., Fingas, M., Lambert, P., Fieldhouse, B., Mullen, J. 1996. A Catalogue of Crude Oil and Oil Product Properties (1996 Edition). Prepared for Environment Canada, EE-157, Ottawa, Ontario.	AD01739
AD01741	SOUTH TIMBALIER BLOCK 130	35.1	50	Jokuty, P., Whiticar, S., Wang, Z., Fingas, M., Lambert, P., Fieldhouse, B., Mullen, J. 1996. A Catalogue of Crude Oil and Oil Product Properties (1996 Edition). Prepared for Environment Canada, EE-157, Ottawa, Ontario.	AD02347
AD01742	SOYO BLEND	33.7	15	Jokuty, P., Whiticar, S., Wang, Z., Fingas, M., Lambert, P., Fieldhouse, B., Mullen, J. 1996. A Catalogue of Crude Oil and Oil Product Properties (1996 Edition). Prepared for Environment Canada, EE-157, Ottawa, Ontario.	AD02349
AD01743	TAPIS	44.3	15	Jokuty, P., Whiticar, S., Wang, Z., Fingas, M., Lambert, P., Fieldhouse, B., Mullen, J. 1996. A Catalogue of Crude Oil and Oil Product Properties (1996 Edition). Prepared for Environment Canada, EE-157, Ottawa, Ontario.	AD02359
AD01744	TAPIS BLEND	45.9	15	Jokuty, P., Whiticar, S., Wang, Z., Fingas, M., Lambert, P., Fieldhouse, B., Mullen, J. 1996. A Catalogue of Crude Oil and Oil Product Properties (1996 Edition). Prepared for Environment Canada, EE-157, Ottawa, Ontario.	AD02360
AD01745	TEMBUNGO	37.4	15	Jokuty, P., Whiticar, S., Wang, Z., Fingas, M., Lambert, P., Fieldhouse, B., Mullen, J. 1996. A Catalogue of Crude Oil and Oil Product Properties (1996 Edition). Prepared for Environment Canada, EE-157, Ottawa, Ontario.	AD02363
AD01747	TERRA NOVA (1994)	35.7	48	Jokuty, P., Whiticar, S., Wang, Z., Fingas, M., Lambert, P., Fieldhouse, B., Mullen, J. 1996. A Catalogue of Crude Oil and Oil Product Properties (1996 Edition). Prepared for Environment Canada, EE-157, Ottawa, Ontario.	AD02365
AD01750	WALIO	33.83	15	Jokuty, P., Whiticar, S., Wang, Z., Fingas, M., Lambert, P., Fieldhouse, B., Mullen, J. 1996. A Catalogue of Crude Oil and Oil Product Properties (1996 Edition). Prepared for Environment Canada, EE-157, Ottawa, Ontario.	AD02386
AD01751	WEST DELTA BLOCK 30	11.4	76	Jokuty, P., Whiticar, S., Wang, Z., Fingas, M., Lambert, P., Fieldhouse, B., Mullen, J. 1996. A Catalogue of Crude Oil and Oil Product Properties (1996 Edition). Prepared for Environment Canada, EE-157, Ottawa, Ontario.	AD02388
AD01752	WEST DELTA BLOCK 97	50.2	50	Jokuty, P., Whiticar, S., Wang, Z., Fingas, M., Lambert, P., Fieldhouse, B., Mullen, J. 1996. A Catalogue of Crude Oil and Oil Product Properties (1996 Edition). Prepared for Environment Canada, EE-157, Ottawa, Ontario.	AD02389
AD01753	ZAKUM	40.6	15	Jokuty, P., Whiticar, S., Wang, Z., Fingas, M., Lambert, P., Fieldhouse, B., Mullen, J. 1996. A Catalogue of Crude Oil and Oil Product Properties (1996 Edition). Prepared for Environment Canada, EE-157, Ottawa, Ontario.	AD02395
AD01754	ZARZITINE	43	15	Jokuty, P., Whiticar, S., Wang, Z., Fingas, M., Lambert, P., Fieldhouse, B., Mullen, J. 1996. A Catalogue of Crude Oil and Oil Product Properties (1996 Edition). Prepared for Environment Canada, EE-157, Ottawa, Ontario.	AD02396
AD01755	ZUEITINA	41.3	15	Jokuty, P., Whiticar, S., Wang, Z., Fingas, M., Lambert, P., Fieldhouse, B., Mullen, J. 1996. A Catalogue of Crude Oil and Oil Product Properties (1996 Edition). Prepared for Environment Canada, EE-157, Ottawa, Ontario.	AD02397
AD01756	ZULUF/MARJAN	31.1	19	Jokuty, P., Whiticar, S., Wang, Z., Fingas, M., Lambert, P., Fieldhouse, B., Mullen, J. 1996. A Catalogue of Crude Oil and Oil Product Properties (1996 Edition). Prepared for Environment Canada, EE-157, Ottawa, Ontario.	AD02398
AD01759	ALASKA NORTH SLOPE (MIDDLE PIPELINE, 1997)	29.9	50	A Catalogue of Crude Oil and Oil Product Properties Special Edition Pacific OCS Region. Prepared for Minerals Management Service and Environment Canada. Draft 12/97.	AD01987
AD01760	ALASKA NORTH SLOPE (NORTHERN PIPELINE, 1997)	30.6	50	A Catalogue of Crude Oil and Oil Product Properties Special Edition Pacific OCS Region. Prepared for Minerals Management Service and Environment Canada. Draft 12/97.	AD01988
AD01807	BARROW ISLAND, SHELL REFINING PTY 	36.9	15	Gilbert, T., Austrlian Maritime Safety Authority., Letter to William Lehr, NOAA, February 26, 1998.	AD02022,  AD01269 (BARROW ISLAND, OIL & GAS)
AD01808	COSSACK, SHELL REFINING PTY 	47.3	15	Gilbert, T., Austrlian Maritime Safety Authority., Letter to William Lehr, NOAA, February 26, 1998.	AD02076
AD01821	KUTUBU, SHELL REFINING PTY 	44	15	Gilbert, T., Austrlian Maritime Safety Authority., Letter to William Lehr, NOAA, February 26, 1998.	AD02206,  AD01464 (KUTUBU, SHELL OIL)
AD01825	JABIRU, AMSA	42.3	44	Gilbert, T., Austrlian Maritime Safety Authority., Letter to William Lehr, NOAA, February 26, 1998.	AD01232
AD01901	SEPINGGAN-YAKIN, OIL & GAS	31.7	15	McNamara, J. (ed.), Patterson, M. (ed.),1998. Oil & Gas Journal Data Book. Tulsa, OK: Pennwell Books. 402 pp.	AD01929
AD01905	ISTHMUS, OIL & GAS	34.8	15	McNamara, J. (ed.), Patterson, M. (ed.),1998. Oil & Gas Journal Data Book. Tulsa, OK: Pennwell Books. 402 pp.	AD02189
AD01908	LORETO, OIL & GAS	34	15	McNamara, J. (ed.), Patterson, M. (ed.),1998. Oil & Gas Journal Data Book. Tulsa, OK: Pennwell Books. 402 pp.	AD02216
AD01909	GALEOTA MIX, OIL & GAS	32.8	15	McNamara, J. (ed.), Patterson, M. (ed.),1998. Oil & Gas Journal Data Book. Tulsa, OK: Pennwell Books. 402 pp.	AD02145
AD01910	BCF 24, OIL & GAS	23.5	15	McNamara, J. (ed.), Patterson, M. (ed.),1998. Oil & Gas Journal Data Book. Tulsa, OK: Pennwell Books. 402 pp.	AD02026
AD01914	TIA JUANA LIGHT, OIL & GAS	32.1	15	McNamara, J. (ed.), Patterson, M. (ed.),1998. Oil & Gas Journal Data Book. Tulsa, OK: Pennwell Books. 402 pp.	AD02371
AD01915	TIA JUANA HEAVY, OIL & GAS	12.1	15	McNamara, J. (ed.), Patterson, M. (ed.),1998. Oil & Gas Journal Data Book. Tulsa, OK: Pennwell Books. 402 pp.	AD02370
AD01918	ZAKUM, OIL & GAS	40.6	15	McNamara, J. (ed.), Patterson, M. (ed.),1998. Oil & Gas Journal Data Book. Tulsa, OK: Pennwell Books. 402 pp.	AD02395
AD01919	KHAFJI, OIL & GAS	28.5	15	McNamara, J. (ed.), Patterson, M. (ed.),1998. Oil & Gas Journal Data Book. Tulsa, OK: Pennwell Books. 402 pp.	AD01537
AD01920	BAHRGANSAR, OIL & GAS	27.1	15	McNamara, J. (ed.), Patterson, M. (ed.),1998. Oil & Gas Journal Data Book. Tulsa, OK: Pennwell Books. 402 pp.	AD02021
AD01921	IRANIAN HEAVY, OIL & GAS	31	19	McNamara, J. (ed.), Patterson, M. (ed.),1998. Oil & Gas Journal Data Book. Tulsa, OK: Pennwell Books. 402 pp.	AD02186
AD01923	BASRAH MEDIUM, OIL & GAS	31.1	15	McNamara, J. (ed.), Patterson, M. (ed.),1998. Oil & Gas Journal Data Book. Tulsa, OK: Pennwell Books. 402 pp.	AD02025
AD01926	ARABIAN HEAVY, OIL & GAS	27.4	15	McNamara, J. (ed.), Patterson, M. (ed.),1998. Oil & Gas Journal Data Book. Tulsa, OK: Pennwell Books. 402 pp.	AD00046
AD01931	ZARZAITINE, OIL & GAS	43	15	McNamara, J. (ed.), Patterson, M. (ed.),1998. Oil & Gas Journal Data Book. Tulsa, OK: Pennwell Books. 402 pp.	AD02396
AD01932	AMNA, OIL & GAS	36.1	15	McNamara, J. (ed.), Patterson, M. (ed.),1998. Oil & Gas Journal Data Book. Tulsa, OK: Pennwell Books. 402 pp.	AD01999
AD01934	SARIR, OIL & GAS	38.3	15	McNamara, J. (ed.), Patterson, M. (ed.),1998. Oil & Gas Journal Data Book. Tulsa, OK: Pennwell Books. 402 pp.	AD01726
AD01936	BOW RIVER, OIL & GAS	26.7	15	McNamara, J. (ed.), Patterson, M. (ed.),1998. Oil & Gas Journal Data Book. Tulsa, OK: Pennwell Books. 402 pp.	AD00174
AD01940	KUPARUK, OIL & GAS	23	15	McNamara, J. (ed.), Patterson, M. (ed.),1998. Oil & Gas Journal Data Book. Tulsa, OK: Pennwell Books. 402 pp.	AD00625
AD01941	WEST SAK, OIL & GAS	22.4	15	McNamara, J. (ed.), Patterson, M. (ed.),1998. Oil & Gas Journal Data Book. Tulsa, OK: Pennwell Books. 402 pp.	AD02390
AD01942	DAN, OIL & GAS	30.4	15	McNamara, J. (ed.), Patterson, M. (ed.),1998. Oil & Gas Journal Data Book. Tulsa, OK: Pennwell Books. 402 pp.	AD02079
AD01943	GORM, OIL & GAS	33.9	15	McNamara, J. (ed.), Patterson, M. (ed.),1998. Oil & Gas Journal Data Book. Tulsa, OK: Pennwell Books. 402 pp.	AD02158
AD01948	AUK, OIL & GAS	37.2	15	McNamara, J. (ed.), Patterson, M. (ed.),1998. Oil & Gas Journal Data Book. Tulsa, OK: Pennwell Books. 402 pp.	AD00082
AD01949	BERYL, OIL & GAS	36.5	15	McNamara, J. (ed.), Patterson, M. (ed.),1998. Oil & Gas Journal Data Book. Tulsa, OK: Pennwell Books. 402 pp.	AD00143
AD01951	BUCHAN, OIL & GAS	33.7	15	McNamara, J. (ed.), Patterson, M. (ed.),1998. Oil & Gas Journal Data Book. Tulsa, OK: Pennwell Books. 402 pp.	AD00204
AD01952	FULMAR, OIL & GAS	39.3	15	McNamara, J. (ed.), Patterson, M. (ed.),1998. Oil & Gas Journal Data Book. Tulsa, OK: Pennwell Books. 402 pp.	AD02144
AD01953	MAGNUS, OIL & GAS	39.3	15	McNamara, J. (ed.), Patterson, M. (ed.),1998. Oil & Gas Journal Data Book. Tulsa, OK: Pennwell Books. 402 pp.	AD02241
AD01954	MAUREEN, OIL & GAS	38.8	15	McNamara, J. (ed.), Patterson, M. (ed.),1998. Oil & Gas Journal Data Book. Tulsa, OK: Pennwell Books. 402 pp.	AD02253
AD01955	MONTROSE, OIL & GAS	40.1	20	McNamara, J. (ed.), Patterson, M. (ed.),1998. Oil & Gas Journal Data Book. Tulsa, OK: Pennwell Books. 402 pp.	AD02263
AD01956	NINIAN BLEND, OIL & GAS	35.6	15	McNamara, J. (ed.), Patterson, M. (ed.),1998. Oil & Gas Journal Data Book. Tulsa, OK: Pennwell Books. 402 pp.	AD02281
AD01957	TARTAN, OIL & GAS	41.7	15	McNamara, J. (ed.), Patterson, M. (ed.),1998. Oil & Gas Journal Data Book. Tulsa, OK: Pennwell Books. 402 pp.	AD02362
AD01958	THISTLE, OIL & GAS	37	20	McNamara, J. (ed.), Patterson, M. (ed.),1998. Oil & Gas Journal Data Book. Tulsa, OK: Pennwell Books. 402 pp.	AD02369
AD01959	MURCHISON, OIL & GAS	38	15	McNamara, J. (ed.), Patterson, M. (ed.),1998. Oil & Gas Journal Data Book. Tulsa, OK: Pennwell Books. 402 pp.	AD02267
AD01960	CABINDA, OIL & GAS	31.7	15	McNamara, J. (ed.), Patterson, M. (ed.),1998. Oil & Gas Journal Data Book. Tulsa, OK: Pennwell Books. 402 pp.	AD02056
AD01961	SOYO BLEND, OIL & GAS	33.7	15	McNamara, J. (ed.), Patterson, M. (ed.),1998. Oil & Gas Journal Data Book. Tulsa, OK: Pennwell Books. 402 pp.	AD02349
AD01962	MANDJI, OIL & GAS	30.5	15	McNamara, J. (ed.), Patterson, M. (ed.),1998. Oil & Gas Journal Data Book. Tulsa, OK: Pennwell Books. 402 pp.	AD02245
AD01964	BONNY LIGHT, OIL & GAS	36.7	15	McNamara, J. (ed.), Patterson, M. (ed.),1998. Oil & Gas Journal Data Book. Tulsa, OK: Pennwell Books. 402 pp.	AD02040
AD01965	BONNY MEDIUM, OIL & GAS	25.2	15	McNamara, J. (ed.), Patterson, M. (ed.),1998. Oil & Gas Journal Data Book. Tulsa, OK: Pennwell Books. 402 pp.	AD02041
AD01966	BRASS RIVER, OIL & GAS	40.9	15	McNamara, J. (ed.), Patterson, M. (ed.),1998. Oil & Gas Journal Data Book. Tulsa, OK: Pennwell Books. 402 pp.	AD02046
AD01967	PENNINGTON, OIL & GAS	36.6	15	McNamara, J. (ed.), Patterson, M. (ed.),1998. Oil & Gas Journal Data Book. Tulsa, OK: Pennwell Books. 402 pp.	AD01707
AD01968	ZAIRE, OIL & GAS	31.7	15	McNamara, J. (ed.), Patterson, M. (ed.),1998. Oil & Gas Journal Data Book. Tulsa, OK: Pennwell Books. 402 pp.	AD01189
AD01969	KIMKOL, OIL & GAS	42.5	20	McNamara, J. (ed.), Patterson, M. (ed.),1998. Oil & Gas Journal Data Book. Tulsa, OK: Pennwell Books. 402 pp.	AD02198
AD01979	MISSISSIPPI CANYON BLOCK 807	27.53	22	Jokuty, P., Whiticar, S., Wang, Z., Fingas, M., Lambert, P., Fieldhouse, B., Mullen, J. 1996. A Catalogue of Crude Oil and Oil Product Properties (1996 Edition). Prepared for Environment Canada, EE-157, Ottawa, Ontario.	EC00647
AD01992	ALBERTA (1999)	37.08	35	Jokuty, P., Whiticar, S., Wang, Z., Fingas, M., Fieldhouse, B., Lambert, P., Mullen, J. 1999. Properties of Crude Oils and Oil Products.  Manuscript Report EE-165, Environmental Protection Service, Environment Canada, Ottawa, Ontario.	AD00024
AD01996	ALBERTA SWEET MIXED BLEND (REFERENCE #4, 1999)	36.1	69	Jokuty, P., Whiticar, S., Wang, Z., Fingas, M., Fieldhouse, B., Lambert, P., Mullen, J. 1999. Properties of Crude Oils and Oil Products.  Manuscript Report EE-165, Environmental Protection Service, Environment Canada, Ottawa, Ontario.	EC00511
AD02001	ARABIAN HEAVY (1999)	27.87	36	Jokuty, P., Whiticar, S., Wang, Z., Fingas, M., Fieldhouse, B., Lambert, P., Mullen, J. 1999. Properties of Crude Oils and Oil Products.  Manuscript Report EE-165, Environmental Protection Service, Environment Canada, Ottawa, Ontario.	AD00042
AD02004	ARDJUNA	35.2	15	Jokuty, P., Whiticar, S., Wang, Z., Fingas, M., Fieldhouse, B., Lambert, P., Mullen, J. 1999. Properties of Crude Oils and Oil Products.  Manuscript Report EE-165, Environmental Protection Service, Environment Canada, Ottawa, Ontario.	AD01814
AD02005	ARGYLL	37.81	15	Jokuty, P., Whiticar, S., Wang, Z., Fingas, M., Fieldhouse, B., Lambert, P., Mullen, J. 1999. Properties of Crude Oils and Oil Products.  Manuscript Report EE-165, Environmental Protection Service, Environment Canada, Ottawa, Ontario.	AD01947
AD02011	ATKINSON (1999)	23.7	39	Jokuty, P., Whiticar, S., Wang, Z., Fingas, M., Fieldhouse, B., Lambert, P., Mullen, J. 1999. Properties of Crude Oils and Oil Products.  Manuscript Report EE-165, Environmental Protection Service, Environment Canada, Ottawa, Ontario.	AD00080
AD02013	AUK	37.2	15	Jokuty, P., Whiticar, S., Wang, Z., Fingas, M., Fieldhouse, B., Lambert, P., Mullen, J. 1999. Properties of Crude Oils and Oil Products.  Manuscript Report EE-165, Environmental Protection Service, Environment Canada, Ottawa, Ontario.	AD00082
AD02031	BELIDA (1999)	45.1	16	Jokuty, P., Whiticar, S., Wang, Z., Fingas, M., Fieldhouse, B., Lambert, P., Mullen, J. 1999. Properties of Crude Oils and Oil Products.  Manuscript Report EE-165, Environmental Protection Service, Environment Canada, Ottawa, Ontario.	AD01612
AD02034	BENT HORN A-02 (1999)	41.5	42	Jokuty, P., Whiticar, S., Wang, Z., Fingas, M., Fieldhouse, B., Lambert, P., Mullen, J. 1999. Properties of Crude Oils and Oil Products.  Manuscript Report EE-165, Environmental Protection Service, Environment Canada, Ottawa, Ontario.	AD00138
AD02036	BERYL	36.5	15	Jokuty, P., Whiticar, S., Wang, Z., Fingas, M., Fieldhouse, B., Lambert, P., Mullen, J. 1999. Properties of Crude Oils and Oil Products.  Manuscript Report EE-165, Environmental Protection Service, Environment Canada, Ottawa, Ontario.	AD00143
AD02038	BINTULU (1999)	26.5	15	Jokuty, P., Whiticar, S., Wang, Z., Fingas, M., Fieldhouse, B., Lambert, P., Mullen, J. 1999. Properties of Crude Oils and Oil Products.  Manuscript Report EE-165, Environmental Protection Service, Environment Canada, Ottawa, Ontario.	AD01614
AD02043	BOW RIVER BLENDED (1999)	26.82	57	Jokuty, P., Whiticar, S., Wang, Z., Fingas, M., Fieldhouse, B., Lambert, P., Mullen, J. 1999. Properties of Crude Oils and Oil Products.  Manuscript Report EE-165, Environmental Protection Service, Environment Canada, Ottawa, Ontario.	AD00174
AD02050	BUCHAN	33.7	15	Jokuty, P., Whiticar, S., Wang, Z., Fingas, M., Fieldhouse, B., Lambert, P., Mullen, J. 1999. Properties of Crude Oils and Oil Products.  Manuscript Report EE-165, Environmental Protection Service, Environment Canada, Ottawa, Ontario.	AD00204
AD02071	COLD LAKE DILUENT	69.3	22	Jokuty, P., Whiticar, S., Wang, Z., Fingas, M., Fieldhouse, B., Lambert, P., Mullen, J. 1999. Properties of Crude Oils and Oil Products.  Manuscript Report EE-165, Environmental Protection Service, Environment Canada, Ottawa, Ontario.	AD00263
AD02092	DUNLIN	34.9	15	Jokuty, P., Whiticar, S., Wang, Z., Fingas, M., Fieldhouse, B., Lambert, P., Mullen, J. 1999. Properties of Crude Oils and Oil Products.  Manuscript Report EE-165, Environmental Protection Service, Environment Canada, Ottawa, Ontario.	AD00315
AD02106	LIVERPOOL BAY, MOTIVA ENTERPRISES LLC	43.3	43	Personal Communication to Debra Simecek Beatty, NOAA, March 10, 2000.	AD02214
AD02135	FUEL OIL NO.1 (JP-5)	40.07	24	Jokuty, P., Whiticar, S., Wang, Z., Fingas, M., Fieldhouse, B., Lambert, P., Mullen, J. 1999. Properties of Crude Oils and Oil Products.  Manuscript Report EE-165, Environmental Protection Service, Environment Canada, Ottawa, Ontario.	AD00407
AD02137	FUEL OIL NO.1 (KEROSENE)	43.04	24	Jokuty, P., Whiticar, S., Wang, Z., Fingas, M., Fieldhouse, B., Lambert, P., Mullen, J. 1999. Properties of Crude Oils and Oil Products.  Manuscript Report EE-165, Environmental Protection Service, Environment Canada, Ottawa, Ontario.	AD00416
AD02142	FUEL OIL NO.5	19.71	15	Jokuty, P., Whiticar, S., Wang, Z., Fingas, M., Fieldhouse, B., Lambert, P., Mullen, J. 1999. Properties of Crude Oils and Oil Products.  Manuscript Report EE-165, Environmental Protection Service, Environment Canada, Ottawa, Ontario.	AD01660
AD02155	GASOLINE BLENDING STOCKS (REFORMATES)	46.33	20	Jokuty, P., Whiticar, S., Wang, Z., Fingas, M., Fieldhouse, B., Lambert, P., Mullen, J. 1999. Properties of Crude Oils and Oil Products.  Manuscript Report EE-165, Environmental Protection Service, Environment Canada, Ottawa, Ontario.	AD00473
AD02167	HEAVY REFORMATE	21.73	51	Jokuty, P., Whiticar, S., Wang, Z., Fingas, M., Fieldhouse, B., Lambert, P., Mullen, J. 1999. Properties of Crude Oils and Oil Products.  Manuscript Report EE-165, Environmental Protection Service, Environment Canada, Ottawa, Ontario.	AD00531
AD02173	HONDO	19.6	92	Jokuty, P., Whiticar, S., Wang, Z., Fingas, M., Fieldhouse, B., Lambert, P., Mullen, J. 1999. Properties of Crude Oils and Oil Products.  Manuscript Report EE-165, Environmental Protection Service, Environment Canada, Ottawa, Ontario.	AD02175
AD02196	KHAFJI (1999)	28	20	Jokuty, P., Whiticar, S., Wang, Z., Fingas, M., Fieldhouse, B., Lambert, P., Mullen, J. 1999. Properties of Crude Oils and Oil Products.  Manuscript Report EE-165, Environmental Protection Service, Environment Canada, Ottawa, Ontario.	AD00602
AD02205	KUPARUK	23	15	Jokuty, P., Whiticar, S., Wang, Z., Fingas, M., Fieldhouse, B., Lambert, P., Mullen, J. 1999. Properties of Crude Oils and Oil Products.  Manuscript Report EE-165, Environmental Protection Service, Environment Canada, Ottawa, Ontario.	AD00625
AD02208	LA ROSA MEDIUM	23.22	24	Jokuty, P., Whiticar, S., Wang, Z., Fingas, M., Fieldhouse, B., Lambert, P., Mullen, J. 1999. Properties of Crude Oils and Oil Products.  Manuscript Report EE-165, Environmental Protection Service, Environment Canada, Ottawa, Ontario.	AD01912
AD02218	LOW SULFUR WAXY GAS OIL	43.53	20	Jokuty, P., Whiticar, S., Wang, Z., Fingas, M., Fieldhouse, B., Lambert, P., Mullen, J. 1999. Properties of Crude Oils and Oil Products.  Manuscript Report EE-165, Environmental Protection Service, Environment Canada, Ottawa, Ontario.	AD01690
AD02262	MISSISSIPPI CANYON BLOCK 807 (1999)	27.5	89	Jokuty, P., Whiticar, S., Wang, Z., Fingas, M., Fieldhouse, B., Lambert, P., Mullen, J. 1999. Properties of Crude Oils and Oil Products.  Manuscript Report EE-165, Environmental Protection Service, Environment Canada, Ottawa, Ontario.	EC00647
AD02285	OLMECA (1999)	39.8	15	Jokuty, P., Whiticar, S., Wang, Z., Fingas, M., Fieldhouse, B., Lambert, P., Mullen, J. 1999. Properties of Crude Oils and Oil Products.  Manuscript Report EE-165, Environmental Protection Service, Environment Canada, Ottawa, Ontario.	AD01907
AD02295	PENNINGTON (1999)	36.6	15	Jokuty, P., Whiticar, S., Wang, Z., Fingas, M., Fieldhouse, B., Lambert, P., Mullen, J. 1999. Properties of Crude Oils and Oil Products.  Manuscript Report EE-165, Environmental Protection Service, Environment Canada, Ottawa, Ontario.	AD01707
AD02296	PETROLEUM ETHER	89.4	14	Jokuty, P., Whiticar, S., Wang, Z., Fingas, M., Fieldhouse, B., Lambert, P., Mullen, J. 1999. Properties of Crude Oils and Oil Products.  Manuscript Report EE-165, Environmental Protection Service, Environment Canada, Ottawa, Ontario.	AD01708
AD02303	PROPYLENE TETRAMER	51.1	67	Jokuty, P., Whiticar, S., Wang, Z., Fingas, M., Fieldhouse, B., Lambert, P., Mullen, J. 1999. Properties of Crude Oils and Oil Products.  Manuscript Report EE-165, Environmental Protection Service, Environment Canada, Ottawa, Ontario.	AD01712
AD02309	RAINBOW LIGHT AND MEDIUM (1999)	40.7	15	Jokuty, P., Whiticar, S., Wang, Z., Fingas, M., Fieldhouse, B., Lambert, P., Mullen, J. 1999. Properties of Crude Oils and Oil Products.  Manuscript Report EE-165, Environmental Protection Service, Environment Canada, Ottawa, Ontario.	AD01938
AD02310	RANGELAND-SOUTH LIGHT AND MEDIUM	39.5	15	Jokuty, P., Whiticar, S., Wang, Z., Fingas, M., Fieldhouse, B., Lambert, P., Mullen, J. 1999. Properties of Crude Oils and Oil Products.  Manuscript Report EE-165, Environmental Protection Service, Environment Canada, Ottawa, Ontario.	AD00935
AD02324	SARIR (1999)	38.3	15	Jokuty, P., Whiticar, S., Wang, Z., Fingas, M., Fieldhouse, B., Lambert, P., Mullen, J. 1999. Properties of Crude Oils and Oil Products.  Manuscript Report EE-165, Environmental Protection Service, Environment Canada, Ottawa, Ontario.	AD01726
AD02342	SOUR BLEND	35.49	49	Jokuty, P., Whiticar, S., Wang, Z., Fingas, M., Fieldhouse, B., Lambert, P., Mullen, J. 1999. Properties of Crude Oils and Oil Products.  Manuscript Report EE-165, Environmental Protection Service, Environment Canada, Ottawa, Ontario.	AD01022
AD02355	SWEET BLEND (1999)	38.63	48	Jokuty, P., Whiticar, S., Wang, Z., Fingas, M., Fieldhouse, B., Lambert, P., Mullen, J. 1999. Properties of Crude Oils and Oil Products.  Manuscript Report EE-165, Environmental Protection Service, Environment Canada, Ottawa, Ontario.	AD01054
AD02361	TARSIUT (1999)	30.1	39	Jokuty, P., Whiticar, S., Wang, Z., Fingas, M., Fieldhouse, B., Lambert, P., Mullen, J. 1999. Properties of Crude Oils and Oil Products.  Manuscript Report EE-165, Environmental Protection Service, Environment Canada, Ottawa, Ontario.	AD01070
AD02378	ULA (1999)	38.6	35	Jokuty, P., Whiticar, S., Wang, Z., Fingas, M., Fieldhouse, B., Lambert, P., Mullen, J. 1999. Properties of Crude Oils and Oil Products.  Manuscript Report EE-165, Environmental Protection Service, Environment Canada, Ottawa, Ontario.	AD01133
AD02380	UVILUK (1999)	29.4	59	Jokuty, P., Whiticar, S., Wang, Z., Fingas, M., Fieldhouse, B., Lambert, P., Mullen, J. 1999. Properties of Crude Oils and Oil Products.  Manuscript Report EE-165, Environmental Protection Service, Environment Canada, Ottawa, Ontario.	AD01141
AD02405	ARAB EXTRA LIGHT, AMSA	37.1	32	Australian Maritime Safety Authority, Australia.  January 16, 1996.	AD01882
AD02407	BASRAH LIGHT, AMSA	34.2	32	Australian Maritime Safety Authority, Australia.  January 16, 1996.	AD01884
AD02409	CRACKER FEED, AMSA	24.37	44	Australian Maritime Safety Authority, Australia.  January 16, 1996.	AD01886
AD02410	EAST SPAR, AMSA	57.49	32	Australian Maritime Safety Authority, Australia.  January 16, 1996.	AD01887 (EAST SPAB, MOBIL OIL AUSTRALIA)
AD02412	KUTUBU LIGHT, AMSA	44.3	32	Australian Maritime Safety Authority, Australia.  January 16, 1996.	AD01889
AD02414	QATAR LAND, AMSA	41	32	Australian Maritime Safety Authority, Australia.  January 16, 1996.	AD01891
AD02415	QATAR MARINE, AMSA	33.4	32	Australian Maritime Safety Authority, Australia.  January 16, 1996.	AD01892
AD02418	WANDOO, AMSA	19.4	32	Australian Maritime Safety Authority, Australia.  January 16, 1996.	AD01895
AD02420	KUKAPO, CALTEX	51.5	15	Caltex letter 1/1998.	AD01897
AD02475	BASRAH HEAVY	24.7	15		AD02023
AD02573	ALASKA NORTH SLOPE 2010	32.38	22	Environment Canada, ESTD. 2010.	EC01497
AD02576	ALASKA NORTH SLOPE 2015	32.13	48	Environment Canada, ESTD. 2015	EC02713
AD02577	PLATFORM GAIL	20.6	42		AD02298
AD02578	POINT ARGUELLO HEAVY	18.11	63		AD02286