Name, ID, "Kin. Values", "Dyn. Values"
"KHAFJI", AD00602, 2, 0
"BCF 24, OIL & GAS", AD01910, 1, 0
"COGNAC-BLOCK 194, SHELL OIL", AD01443, 3, 0
"WAINWRIGHT-KINSELLA", AD01156, 1, 0
"MAUI CONDENSATE, MARITIME SAFETY AUTHORITY OF NEW ZEALAND", AD01506, 1, 0
"NEWFOUNDLAND OFFSHORE BURN EXP SAMPLE #7", AD02280, 0, 1
"BLINA, BP", AD01855, 3, 0
"PIPER", AD00897, 1, 0
"ARABIAN MEDIUM (1999)", AD02003, 2, 2
"GAMBA (1999)", AD02146, 1, 0
"WEST TEXAS SOUR", AD02392, 0, 2
"ARGYLL, OIL & GAS", AD01947, 1, 0
"MANDJI, API", AD00710, 1, 0
"DUKHAN, OIL & GAS", AD01551, 1, 0
"CANOLA OIL", AD02404, 1, 0
"ARDJUNA, API", AD00069, 1, 0
"BUNYU (1999)", AD02054, 1, 0
"IRANIAN LIGHT", AD01678, 2, 0
"MARS BLEND", AD01697, 1, 0
"ULTRA LOW SULFUR DIESEL", AD02541, 1, 0
"EOCENE", AD02111, 1, 0
"BUCHAN, OIL & GAS", AD01951, 1, 0
"LAGO", AD00643, 0, 2
"WABASCA BITUMEN (1999)", AD02384, 0, 1
"CABINDA, CITGO", AD00213, 2, 0
"HYDRA, OIL & GAS", AD01402, 1, 0
"TRADING BAY", AD01117, 2, 2
"ARDJUNA, SHELL REFINING PTY ", AD01814, 1, 0
"EOCENE, ITOPF", AD00356, 1, 0
"BOSCAN (1999)", AD02042, 1, 2
"KUTUBU LIGHT, AMSA", AD02412, 1, 0
"RABI, MOTIVA ENTERPRISES LLC", AD02107, 1, 0
"DRAUGEN, STATOIL", AD02557, 2, 0
"AVIATION GASOLINE 100", AD00090, 0, 2
"NOWRUZ", AD00839, 1, 0
"KITTIWAKE", AD01681, 1, 0
"SERIA LIGHT", AD00993, 1, 0
"HARDING, SHELL OIL", AD01455, 3, 0
"NEWFOUNDLAND OFFSHORE BURN EXP SAMPLE #5", AD02279, 0, 1
"MAYA, OIL & GAS", AD01906, 1, 0
"DJENO, PHILLIPS", AD00301, 1, 0
"PETROLEUM ETHER", AD02296, 0, 0
"MCKEE BLEND 50%, MARITIME SAFETY AUTHORITY OF NEW ZEALAND", AD01510, 1, 0
"URAL", AD01140, 1, 0
"AVIATION GASOLINE 100", AD02015, 0, 2
"ALGERIAN CONDENSATE, CITGO", AD00028, 2, 0
"BARROW ISLAND, OIL & GAS", AD01269, 2, 0
"DJENO BLEND", AD01639, 1, 0
"LAGOMEDIO, OIL & GAS", AD01286, 1, 0
"GASOLINE (CASINGHEAD)", AD02150, 0, 1
"SOUTH TIMBALIER BLOCK 130", AD02347, 0, 2
"ALBERTA (1999)", AD01992, 0, 6
"LIGHT SOUR BLEND", AD00680, 2, 0
"ALASKA NORTH SLOPE (MIDDLE PIPELINE, 1996)", AD01584, 0, 1
"KOLE MARINE BLEND (1999)", AD02202, 1, 0
"STATJORD, OIL & GAS", AD01357, 1, 0
"PENNINGTON", AD01707, 1, 0
"DIESEL FUEL OIL (ALASKA)", AD02081, 0, 2
"FUEL OIL NO.1 (AVJET A), STAR ENTERPRISE", AD00403, 1, 0
"ARABIAN LIGHT, CITGO", AD00053, 2, 0
"ROAD OIL", AD00950, 0, 1
"XIJIANG, SHELL OIL", AD01496, 2, 0
"DAN", AD00287, 1, 0
"RANGELAND-SOUTH LIGHT AND MEDIUM", AD02310, 1, 0
"LA ROSA", AD00638, 1, 3
"MAYA (1997)", AD02255, 0, 3
"ORIENTE, SHELL OIL", AD01479, 3, 0
"WALIO", AD01750, 1, 0
"MARGHAM LIGHT, OIL & GAS", AD01300, 1, 0
"BOMBAY HIGH", AD01615, 1, 0
"ATTAKA, OIL & GAS", AD01245, 1, 0
"BOMBAY HIGH (1999)", AD02039, 1, 0
"JET A/JET A-1", AD02193, 1, 2
"PULAI (1999)", AD02306, 1, 0
"OSEBERG, SHELL OIL", AD01480, 3, 0
"MOUSSE MIX (PETAWAWA)", AD00784, 0, 2
"BELIDA, CALTEX", AD01896, 1, 0
"MAIN PASS BLOCK 37", AD02243, 0, 2
"BOMBAY HIGH, OIL & GAS", AD00157, 2, 0
"IPAR 3", AD02185, 0, 3
"BEKOK, OIL & GAS", AD01253, 1, 0
"BADAK", AD01603, 1, 0
"LUBRICATING OIL (AUTO ENGINE OIL, USED)", AD00696, 2, 2
"ABU AL BU KHOOSH", AD01984, 1, 0
"STATFJORD", AD02351, 1, 2
"LIGHT NAPHTHA, EXXON", AD00679, 1, 0
"FLOTTA, CITGO", AD00383, 2, 0
"LIVERPOOL BAY", AD02214, 2, 0
"ALBERTA SWEET MIXED BLEND (REFERENCE #3, 1996)", AD01592, 0, 2
"BETA PRODUCTION, SHELL OIL", AD01438, 3, 0
"BACHEQUERO HEAVY", AD00100, 1, 0
"NAPHTHA CRACKING FRACTION, EXXON", AD00803, 1, 0
"POINT ARGUELLO LIGHT", AD01711, 0, 2
"GULF ALBERTA, OIL & GAS", AD01341, 1, 0
"FCC MEDIUM CYCLE OIL", AD01654, 0, 2
"DAI HUNG (1999)", AD02078, 3, 0
"IFO 300", AD02428, 0, 4
"BRIGHT STOCK 145, STAR ENTERPRISE", AD00198, 1, 0
"NORTHWEST SHELF CONDENSATE, OIL & GAS", AD01273, 2, 0
"BUNYU", AD01623, 1, 0
"ZUEITINA, OIL & GAS", AD01336, 1, 0
"BRAE", AD00177, 1, 0
"MONTROSE", AD02263, 2, 0
"SEPINGGAN-YAKIN MIXED (4:1, ref. 1999)", AD02326, 1, 0
"VARANUS, BP", AD01859, 3, 0
"HOUT", AD01674, 1, 2
"CALIFORNIA (API 15)", AD02058, 0, 2
"ARABIAN MEDIUM, STAR ENTERPRISE", AD00065, 1, 0
"BELINDA, AMSA", AD02408, 1, 0
"IRANIAN HEAVY, ARCO", AD00570, 1, 0
"NIGERIAN MEDIUM", AD00823, 1, 0
"SHIP SHOAL BLOCK 269", AD01731, 0, 3
"SUMATRAN HEAVY", AD01048, 1, 1
"TIA JUANA LIGHT (1999)", AD02371, 1, 0
"FUEL OIL NO.2", AD00423, 2, 2
"JOBO", AD00589, 1, 0
"JABIRU, BHP PETROLEUM", AD01232, 2, 0
"GAMBA", AD01662, 1, 0
"SANTA CLARA", AD00970, 2, 2
"SIBERIAN LIGHT, OIL & GAS", AD01398, 2, 0
"SEPINGGAN-YAKIN MIXED (4:1)", AD01727, 1, 0
"IRANIAN HEAVY", AD00566, 2, 2
"WEST DELTA BLOCK 30", AD02388, 0, 2
"TERRA NOVA (SOCSEX)", AD02367, 0, 2
"MINAS, SHELL REFINING PTY ", AD01818, 1, 0
"DAI HUNG", AD01635, 3, 0
"BACH HO, OIL & GAS", AD01265, 3, 0
"ALBERTA (1992)", AD00024, 2, 2
"BACHAQUERO", AD02019, 1, 0
"GASOLINE: POLYMER", AD00474, 1, 2
"HEAVY REFORMATE", AD00531, 0, 2
"QATAR MARINE, OIL & GAS", AD01320, 1, 0
"NEWFOUNDLAND OFFSHORE BURN EXP SAMPLE #1", AD02275, 0, 1
"SMI 66, PHILLIPS", AD01009, 1, 0
"SHIP SHOAL BLOCK 239", AD02330, 0, 2
"FLUID CATALYTIC CRACKER MEDIUM CYCLE OIL", AD02127, 0, 2
"PLATFORM GAIL", AD02577, 0, 2
"NIGERIAN LGT M", AD00819, 1, 0
"CASTOR OIL", AD02062, 0, 6
"UNLEADED INTERM GASOLINE, STAR ENTERPRISE", AD01137, 1, 0
"NORTHWEST CHARGE STOCK, CHEVRON", AD01567, 2, 0
"GIPPSLAND, AMSA", AD01834, 2, 0
"FAO, CITGO", AD00376, 2, 0
"NORTH GEISUM, GEISUM OIL", AD01971, 1, 0
"TARTAN", AD01072, 1, 0
"ALASKA NORTH SLOPE (SOUTHERN PIPELINE, 1996)", AD01588, 0, 2
"HIBERNIA", AD02170, 3, 2
"GAS OIL, EXXON", AD00458, 1, 0
"BERRI (1999)", AD02035, 1, 0
"CINTA, OIL & GAS", AD01249, 1, 0
"BREGA", AD01619, 2, 0
"MARGHAM, BP", AD01863, 3, 0
"LABUAN, MARITIME SAFETY AUTHORITY OF NEW ZEALAND", AD01530, 2, 0
"MANDJI, SHELL OIL", AD01475, 3, 0
"SOUTH LOUISIANA", AD01025, 1, 0
"MIRI LIGHT", AD02259, 1, 0
"ARABIAN HEAVY, OIL & GAS", AD01926, 1, 0
"HANDIL (1999)", AD02166, 1, 0
"ORIENTE, CITGO", AD00858, 2, 0
"BASRAH HEAVY (1999)", AD02023, 1, 0
"ISTHMUS (1999)", AD02189, 1, 3
"TEMPA ROSSA, OIL & GAS JOURNAL", AD02473, 2, 0
"WEST TEXAS INTERMEDIATE", AD01176, 1, 2
"BELINDA, MARITIME SAFETY AUTHORITY OF NEW ZEALAND", AD01526, 1, 0
"KOPANOAR 2I-44", AD00622, 0, 2
"SAHARAN BLEND, OIL & GAS", AD01930, 1, 0
"SPINDLE OIL", AD01033, 0, 1
"KOLE, SHELL OIL", AD01463, 3, 0
"GIRASSOL, STATOIL", AD02561, 3, 0
"FORTIES BLEND (1999)", AD02131, 2, 0
"CORMORANT SOUTH (1999)", AD02074, 1, 0
"ARABIAN HEAVY, STAR ENTERPRISE", AD00049, 1, 0
"FORTIES BLEND", AD01658, 2, 0
"ALASKA NORTH SLOPE (NORTHERN PIPELINE, 1999)", AD01988, 0, 2
"MAYA", AD00730, 1, 2
"BACH HO, SHELL REFINING PTY ", AD01822, 1, 0
"ARABIAN LIGHT 96", AD01571, 1, 0
"TRINIDAD", AD01121, 1, 0
"ARABIAN MEDIUM, SHELL OIL", AD01434, 3, 0
"TAKULA, CHEVRON", AD01064, 1, 0
"LOW SULPHUR WAXY GAS OIL", AD02218, 0, 1
"PENNINGTON, OIL & GAS", AD01967, 1, 0
"ALASKA NORTH SLOPE (SOCSEX, 1999)", AD01989, 1, 4
"CHALLIS, BHP PETROLEUM", AD01823, 1, 0
"BRENT BLEND 96", AD01570, 1, 0
"ARUN CONDENSATE, SHELL OIL", AD01435, 1, 0
"LOW SULPHUR WAXY RESIDUUM", AD02219, 0, 1
"CAMAR", AD00224, 1, 0
"LEONA, CITGO", AD00674, 2, 0
"BRASS RIVER, OIL & GAS", AD01966, 1, 0
"GIMBO, STATOIL", AD02560, 3, 0
"FOROOZAN (1999)", AD02130, 1, 0
"JET FUEL, TESORO", AD02425, 2, 0
"CORROSION INHIBITOR SOLVENT (DESTIN DOME)", AD02075, 0, 2
"FUEL OIL NO.1 (JET B, ALASKA)", AD01659, 0, 2
"WEST TEXAS LIGHT", AD01177, 1, 0
"KERAPU, BP", AD01874, 3, 0
"KOPANOAR M-13", AD00623, 0, 2
"ZARZAITINE, OIL & GAS", AD01931, 1, 0
"KIRKUK, SHELL OIL", AD01462, 3, 0
"ZARZAITINE, API", AD01198, 1, 0
"HEAVY REFORMATE", AD02167, 0, 2
"DECANT OIL", AD02537, 1, 0
"OSEBERG", AD00859, 1, 2
"BARROW ISLAND", AD02022, 2, 2
"PIERCE, OIL & GAS JOURNAL", AD02472, 2, 0
"UPPER ZAKUM, BP", AD01862, 3, 0
"BEKAPAI,  MARITIME SAFETY AUTHORITY OF NEW ZEALAND", AD01531, 2, 0
"WAXY LIGHT HEAVY BLEND", AD01161, 0, 2
"MAYA, SHELL OIL", AD01474, 3, 0
"MINERAL SPIRITS", AD02258, 0, 2
"ARABIAN LIGHT, OIL & GAS", AD01927, 1, 0
"HIBERNIA (EPA 86)", AD02171, 0, 2
"STATFJORD BLEND, STATOIL", AD02464, 2, 0
"GAS OIL, TESORO", AD00459, 1, 0
"BENT HORN A-02 (1999)", AD02034, 0, 2
"ABU SAFAH", AD00009, 2, 0
"BUNYU, OIL & GAS", AD01248, 1, 0
"FCC HEAVY CYCLE OIL", AD00377, 2, 2
"MIX GEISUM, GEISUM OIL", AD01970, 1, 0
"CARPENTERIA", AD00232, 2, 2
"ALBA (1996)", AD01589, 2, 0
"NAPHTHA N+A, MAPCO", AD01423, 1, 0
"FLUID CATALYTIC CRACKER LIGHT CYCLE OIL", AD02126, 0, 2
"ALASKA NORTH SLOPE 2015", AD02576, 0, 2
"NIGERIAN LGT G", AD00818, 1, 0
"CATALYTIC CRACKING FEED", AD02063, 0, 2
"JP-8", AD02433, 1, 0
"KOLE MARINE, AMOCO", AD00619, 2, 2
"CLARIFIED OIL", AD00249, 1, 2
"SMI 147, PHILLIPS", AD01008, 1, 0
"ISTHMUS, SHELL OIL", AD01458, 3, 0
"SHIP SHOAL BLOCK 269", AD02331, 0, 2
"CUSIANA", AD01634, 3, 0
"SOVIET EXPORT, OIL & GAS", AD01264, 1, 0
"BACH HO (1999)", AD02018, 3, 0
"ALBERTA SWEET MIXED BLEND", AD00025, 2, 0
"LUCKENBACH FUEL OIL", AD02448, 4, 0
"HEAVY LAKE MIX", AD00530, 1, 0
"LUBRICATING OIL (ELECTRICAL) NEW", AD02223, 0, 2
"WEST DELTA BLOCK 97", AD02389, 0, 2
"TERRA NOVA (PETAWAWA)", AD02366, 0, 2
"MAUI, SHELL REFINING PTY ", AD01819, 1, 0
"FUEL OIL NO.2", AD00422, 1, 2
"JABIRU 1A, BHP PETROLEUM", AD01233, 2, 0
"GIPPSLAND", AD01663, 2, 0
"SANTA CRUZ", AD00971, 1, 0
"KUTUBU, OIL & GAS", AD01399, 3, 0
"SARIR", AD01726, 1, 0
"NORTH EAST TEXAS", AD00834, 1, 0
"BENT HORN", AD00137, 0, 2
"BUNKER C FUEL OIL", AD00208, 0, 2
"SUMATRAN LIGHT", AD01049, 1, 1
"KUTUBU, AMSA", AD01419, 1, 0
"TIA JUANA HEAVY (1999)", AD02370, 1, 0
"HYDRA", AD01675, 1, 0
"MAIN PASS 140, PENNZOIL", AD01225, 1, 0
"ARABIAN MEDIUM, AMOCO", AD00064, 2, 2
"CANADON SECO (1999)", AD02059, 2, 0
"FUEL OIL NO.4", AD00434, 0, 2
"CRACKER FEED, AMSA", AD02409, 1, 0
"BCF 13", AD00121, 1, 0
"SHIP SHOAL BLOCK 239", AD01730, 0, 3
"BEATRICE, OIL & GAS", AD01360, 2, 0
"MISSISSIPPI CANYON BLOCK 807 (1999)", AD02262, 0, 2
"SERIA LIGHT (1999)", AD02327, 1, 0
"THEVENAND, BP", AD01858, 3, 0
"BRIGHT STOCK 150, STAR ENTERPRISE", AD00199, 1, 0
"GIPPSLAND, OIL & GAS", AD01272, 2, 0
"BUNKER C FUEL OIL (IRVING WHALE)", AD01622, 0, 2
"ASHTART, OIL & GAS", AD01337, 1, 0
"PARENTIS", AD00875, 1, 0
"BACHEQUERO MEDIUM", AD00101, 1, 0
"ELECTRICAL INSULATING OIL (USED)", AD02096, 0, 2
"NAPHTHA (VARNISH MAKERS & PAINTERS)", AD00802, 1, 3
"POINT ARGUELLO HEAVY", AD01710, 0, 2
"FEDERATED LIGHT AND MEDIUM, OIL & GAS", AD01340, 1, 0
"DAN", AD02079, 1, 0
"ARABIAN HEAVY, CITGO", AD00044, 2, 0
"JP-4", AD02429, 0, 2
"FUEL OIL NO.1 (JET FUEL B)", AD00414, 0, 2
"LUBRICATING OIL (AUTO ENGINE OIL, VIRGIN)", AD00697, 2, 2
"ADGO (1999)", AD01985, 0, 2
"SPRAY OIL", AD02350, 0, 1
"LIGHT CAT CYCLE OIL, EXXON", AD00678, 1, 0
"CANO LIMON, PHILLIPS", AD00228, 1, 0
"LLOYDMINSTER", AD02215, 1, 6
"ALBERTA SWEET MIXED BLEND (REFERENCE #4, 1996)", AD01593, 0, 2
"BONITO P/L SOUR, SHELL OIL", AD01439, 3, 0
"OQUENDJO", AD00855, 1, 0
"TERRA NOVA (1994)", AD01747, 0, 2
"GUAFITA, CITGO", AD00506, 2, 0
"INTERMEDIATE FUEL OIL 300 (SOCSEX)", AD02184, 0, 3
"SANGA SANGA, OIL & GAS", AD01252, 1, 0
"QATAR MARINE (1999)", AD02307, 1, 0
"PALANCA, SHELL OIL", AD01481, 3, 0
"ZAKUM", AD01194, 1, 0
"KUKAPU, CALTEX", AD01897, 1, 0
"MAIN PASS BLOCK 306", AD02242, 0, 2
"GULF ALBERTA LIGHT AND MEDIUM", AD00510, 1, 0
"WEST DELTA BLOCK 30", AD01751, 0, 3
"BELAYIM, OIL & GAS", AD01301, 1, 0
"BINTULU", AD01614, 1, 0
"ARIMBI, OIL & GAS", AD01244, 1, 0
"ABSORPTION OIL", AD00005, 0, 1
"BINTULU (1999)", AD02038, 1, 0
"JATIBARANG (1999)", AD02192, 1, 0
"SLEIPNER CONDENSATE, STATOIL", AD02468, 2, 0
"YORBA LINDA SHELL, SHELL OIL", AD01497, 2, 0
"RANGELY (1999)", AD02311, 0, 1
"MAYA", AD02254, 1, 2
"COOK INLET, DRIFT RIVER TERMINAL", AD00269, 1, 0
"OMAN, SHELL OIL", AD01478, 3, 0
"ORIMULSION", AD01706, 0, 3
"DANISH NORTH SEA (1999)", AD02080, 3, 0
"EAST ZEIT MIX", AD01643, 1, 0
"SOUTH PASS BLOCK 93", AD02346, 0, 2
"ALBERTA SWEET MIXED BLEND (PETAWAWA, 1999)", AD01993, 0, 2
"TIA JUANA HEAVY", AD01090, 1, 0
"ODUDU, EXXON", AD01585, 2, 0
"KOMINEFT (1999)", AD02203, 0, 1
"AVALON", AD02014, 0, 2
"WALIO, OIL & GAS", AD01268, 1, 0
"PECAN ISLAND, AMOCO", AD00880, 2, 2
"DORROOD", AD01638, 1, 0
"LEONA, OIL & GAS", AD01287, 1, 0
"GASOLINE (LEADED)", AD02151, 0, 4
"GULLFAKS, SHELL OIL", AD01454, 3, 0
"NEWFOUNDLAND OFFSHORE BURN EXP SAMPLE #4", AD02278, 0, 1
"OLMECA, OIL & GAS", AD01907, 1, 0
"KOAKOAK 0-22", AD00615, 0, 3
"STRAIGHT RUN", AD00300, 1, 2
"MENEMOTA, CITGO", AD00750, 2, 0
"PITAS POINT", AD02297, 0, 2
"MCKEE BLEND 25%, MARITIME SAFETY AUTHORITY OF NEW ZEALAND", AD01511, 1, 0
"UVILUK", AD01141, 2, 2
"JET A (DFA), TESORO", AD00584, 2, 0
"BOW RIVER BLENDED (1999)", AD02043, 0, 3
"LOW SULPHUR WAXY RESIDUE, AMSA", AD02413, 1, 0
"LIVERPOOL BAY, MOTIVA ENTERPRISES LLC", AD02106, 1, 0
"DALIA, STATOIL", AD02556, 3, 0
"NORTH SLOPE, PHILLIPS", AD00838, 1, 0
"KHALDA", AD01680, 1, 0
"BRENT, OIL & GAS", AD01950, 1, 0
"WAINWRIGHT-KINSELLA (1999)", AD02385, 1, 0
"SWANSON RIVER", AD01053, 2, 2
"CINTA, SHELL REFINING PTY ", AD01815, 1, 0
"ARAB EXTRA LIGHT, AMSA", AD02405, 1, 0
"BURGAN", AD02055, 1, 0
"JATIBARANG", AD01679, 1, 0
"DJENO BLEND, OIL & GAS", AD01383, 1, 0
"MARGHAM LIGHT", AD01696, 1, 0
"U.S. HIGH SWEET-CLEARBROOK", AD02540, 5, 0
"ENDICOTT", AD02110, 0, 2
"BUCHAN", AD00204, 1, 0
"OSEBERG, OIL & GAS", AD01946, 1, 0
"TIA JUANA PESADO", AD01100, 1, 0
"PILON-ANACO WAX, CITGO", AD00896, 2, 0
"ARABIAN LIGHT (1999)", AD02002, 1, 2
"TROLL, STATOIL", AD02452, 2, 0
"GARDEN BANKS BLOCK 387", AD02147, 0, 2
"BOSCAN, OIL & GAS", AD01911, 1, 0
"SNO 200, STAR ENTERPRISE", AD01012, 1, 0
"CABINDA BLEND, SHELL OIL", AD01442, 2, 0
"MCKEE BLEND, MARITIME SAFETY AUTHORITY OF NEW ZEALAND", AD01507, 1, 0
"NINIAN BLEND", AD02281, 1, 2
"BARROW, BP", AD01854, 2, 0
"DURI, PHILLIPS", AD00316, 1, 0
"RAS LANUF", AD00937, 1, 0
"GULLFAKS C, STATOIL", AD02459, 2, 0
"ASPHALT PRIMER", AD02009, 0, 2
"BOSCAN, AMOCO", AD00171, 2, 2
"ALASKA NORTH SLOPE (NORTHERN PIPELINE, 1997)", AD01760, 0, 2
"MUBAREK (1999)", AD02265, 2, 0
"COLD LAKE", AD00258, 1, 0
"FORCADOS, SHELL OIL", AD01449, 3, 0
"SALMON (1999)", AD02320, 2, 0
"ARABIAN MEDIUM, PHILLIPS", AD00063, 1, 0
"FUEL OIL NO.2 (HO/DIESEL), EXXON", AD00433, 1, 0
"HONDO MONTEREY", AD01672, 1, 0
"ESPOIR, OIL & GAS", AD01388, 1, 0
"HUIZHOU", AD01222, 1, 0
"NINIAN", AD00825, 2, 2
"SOUEDIE", AD01737, 1, 0
"CORMORANT SOUTH, OIL & GAS", AD01367, 1, 0
"BCF 24, CITGO", AD00126, 2, 0
"ZULUF/MARJAN (1999)", AD02398, 2, 0
"LUBRICATING OIL (ENGINE, DIESEL LOCOMOTIVE) GRADE 20W40", AD02232, 2, 0
"COSSACK, SHELL REFINING PTY ", AD01808, 1, 0
"GREEN CANYON BLOCK 65", AD01664, 0, 2
"WANDOO, AMSA", AD02418, 1, 0
"BRENT BLEND", AD02048, 2, 2
"KITTIWAKE, OIL & GAS", AD01371, 1, 0
"SHIP SHOAL 133, PHILLIPS", AD00999, 1, 0
"SALADIN", AD01721, 2, 0
"LUBRICATING OIL (ELECTRICAL) USED", AD02224, 0, 2
"LAGUNA", AD00649, 1, 0
"TACHING", AD01058, 1, 1
"TARSIUT (1999)", AD02361, 0, 1
"GASOLINE: BLENDING STOCKS (ALKYLATES)", AD00472, 1, 1
"CORMORANT SOUTH", AD01633, 1, 0
"MINERAL TURPS, SHELL REFINING PTY ", AD01799, 1, 0
"MOTOR GASOLINE-PREMIUM UNLEADED, SHELL REFINING PTY ", AD01776, 1, 0
"PALANCA", AD00864, 1, 0
"SHARJAH, OIL & GAS", AD01326, 2, 0
"HI A-310-B/CONDENSATE, PHILLIPS", AD00537, 1, 0
"NEPTUNE SPAR", AD02273, 0, 2
"SOCKEYE", AD02336, 0, 2
"FEDERATED (SOCSEX)", AD02121, 0, 2
"CEUTA (1999)", AD02064, 1, 0
"ARABIAN MEDIUM", AD00059, 2, 2
"JP-8", AD02434, 1, 0
"FUEL OIL NO.1 (JP-7)", AD00409, 1, 0
"ESCRAVOS", AD01648, 1, 0
"COOPER BASIN FULL RANGE NAPHTHA, SANTOS LTD", AD01832, 1, 0
"AMAULIGAK (1999)", AD01998, 0, 2
"ESCRAVOS SWAMP BLEND, CHEVRON", AD01561, 0, 1
"KABINDA, GALLAGER MARINE", AD01424, 1, 0
"LALANG", AD00665, 1, 0
"LA ROSA MEDIUM", AD02208, 1, 6
"HONDO SANDSTONE", AD02176, 1, 0
"KIRKUK BLEND", AD02199, 1, 0
"EKOFISK BLEND, STATOIL", AD02463, 2, 0
"BENT HORN (1999)", AD02033, 0, 2
"WIDURI,  MARITIME SAFETY AUTHORITY OF NEW ZEALAND", AD01536, 2, 0
"KHAFJI, BP", AD01865, 3, 0
"COLD LAKE BLEND, ESSO", AD00262, 1, 2
"NAPHTHA (PETROLEUM ETHER)", AD00798, 1, 2
"BAHRGANSAR, OIL & GAS", AD01920, 1, 0
"KUWAIT EXPORT", AD00632, 0, 1
"MAIN PASS 49 CONDENSATE, SHELL OIL", AD01473, 1, 0
"ZAIRE, API", AD01189, 1, 0
"GREEN CANYON BLOCK 109", AD02160, 0, 2
"BASRAH MEDIUM (1999)", AD02025, 1, 0
"FURRIAL, CITGO", AD00448, 2, 0
"BASRAH HEAVY", AD02475, 1, 0
"HANDIL, BP", AD01873, 3, 0
"DUBAI, MARITIME SAFETY AUTHORITY OF NEW ZEALAND", AD01520, 2, 0
"LAGOCINCO, SHELL OIL", AD01465, 3, 0
"KOPANOAR M-13A", AD00624, 0, 1
"BOW RIVER, OIL & GAS", AD01936, 1, 0
"MARINE GAS OIL (HEAVY)", AD02249, 1, 0
"HIBERNIA BLEND, STATOIL", AD02567, 3, 0
"FUEL OIL NO.1 (KEROSENE)", AD02137, 0, 2
"NEKTORALIK K-59", AD00809, 0, 3
"COOPER BASIN", AD02072, 1, 0
"ARABIAN EXTRA LIGHT, BOUCHARD", AD01577, 1, 0
"ESCRAVOS, CHEVRON", AD00366, 1, 0
"MAYA, AMOCO", AD00736, 2, 2
"GRIFFIN, BHP PETROLEUM", AD01824, 1, 0
"CALIFORNIA (API GRAVITY:15)", AD00223, 0, 2
"SOYO BLEND, OIL & GAS", AD01961, 1, 0
"FORCADOS, AMOCO", AD00389, 2, 2
"QATAR/DUKHAM, CHEVRON", AD01432, 2, 0
"TAKULA, API", AD01062, 1, 0
"ASPHALT CHARGED STOCK", AD01598, 0, 1
"ERAWAN CONDENSATE, SHELL OIL", AD01445, 1, 0
"MURBAN, OIL & GAS", AD01916, 1, 0
"COBAN BLEND", AD00254, 1, 0
"MCARTHUR RIVER", AD00741, 2, 0
"AIRILE, BP", AD01853, 2, 0
"POINT ARGUELLO HEAVY (1999)", AD02286, 0, 2
"DUBAI, CITGO", AD00311, 2, 0
"JET A-1,  MARITIME SAFETY AUTHORITY OF NEW ZEALAND", AD01500, 1, 0
"ARGYLL", AD02005, 1, 0
"ARABIAN (1996)", AD00038, 2, 0
"NORNE, STATOIL", AD02455, 2, 0
"GASOLINE BLENDING STOCK (ALKYLATE), EXXON", AD00468, 1, 0
"BRENT BLEND", AD00192, 2, 2
"CHAMPION EXPORT", AD01629, 1, 0
"EOCENE, OIL & GAS", AD01296, 1, 0
"GIPPSLAND MIX, ITOPF", AD00487, 1, 0
"WEST SAK, OIL & GAS", AD01941, 1, 0
"ZAIRE (1999)", AD02394, 0, 2
"SOLVENT NEUTRAL OIL 320, STAR ENTERPRISE", AD01412, 1, 0
"MEDANITO, OIL & GAS", AD01557, 2, 0
"ELECTRICAL INSULATING OIL (VIRGIN)", AD00346, 2, 2
"MARALAGO 22, CITGO", AD00716, 2, 0
"NKOSSA, SHELL REFINING PTY ", AD01804, 1, 0
"KOAKOAK 0-22A (1999)", AD02402, 0, 3
"BUNKER C FUEL OIL (ALASKA)", AD02052, 0, 2
"HOOPS BLEND, ExxonMobil", AD02547, 6, 0
"ATKINSON", AD00080, 2, 1
"EUGENE ISLAND BLOCK 43", AD02117, 0, 2
"SCHOONEBEEK", AD00983, 1, 0
"LOW SULPHUR WAXY RESIDUUM", AD01691, 0, 1
"NINIAN BLEND", AD00829, 2, 2
"SWEET BLEND", AD01054, 2, 2
"SKUA, OIL & GAS", AD01404, 1, 0
"VIOSCA KNOLL BLOCK 826", AD02382, 0, 2
"TARTAN, OIL & GAS", AD01957, 1, 0
"CABINDA, PHILLIPS", AD00215, 1, 0
"XI-JANG, SHELL REFINING PTY ", AD01812, 1, 0
"LUCINA, API", AD00700, 1, 0
"BOW RIVER HEAVY (1999)", AD02044, 1, 0
"QATAR LAND, AMSA", AD02414, 1, 0
"HANDIL", AD01668, 1, 0
"ESCRAVOS, OIL & GAS", AD01392, 1, 0
"LEONA", AD01687, 1, 0
"SHARJAH", AD00995, 1, 0
"FORCADOS", AD02101, 1, 0
"ALVHEIM BLEND, STATOIL", AD02551, 3, 0
"IMA, CALTEX", AD01900, 1, 0
"KIRKUK, ARCO", AD00612, 1, 0
"GREEN CANYON, SHELL OIL", AD01453, 3, 0
"ARUN, MARITIME SAFETY AUTHORITY OF NEW ZEALAND", AD01516, 1, 0
"DOS CUADRAS", AD00307, 2, 2
"ORIMULSION-100", AD02290, 0, 5
"MESA 30, CITGO", AD00757, 2, 0
"AUK", AD02013, 1, 0
"GENESIS", AD02156, 0, 2
"PANUCO", AD00868, 1, 0
"TIA JUANA MEDIUM, CITGO", AD01097, 2, 0
"ALBERTA SWEET MIXED BLEND (REFERENCE #2, 1999)", AD01994, 0, 2
"LOKELE, EXXON", AD00686, 1, 0
"SOUEDIE (1999)", AD02341, 1, 0
"KOPANOAR (1999)", AD02204, 0, 2
"FORTIES", AD00393, 2, 0
"TEAK AND SAMAAN, AMOCO", AD01428, 2, 1
"TERRA NOVA K-08 DST #2", AD01078, 2, 0
"ABOOZAR", AD01582, 2, 0
"HIGH ISLAND, AMOCO", AD00540, 2, 2
"DORROOD (1999)", AD02087, 1, 0
"BASRAH, EXXON", AD00110, 1, 0
"HONDO SANDSTONE, OIL & GAS", AD01351, 1, 0
"MISSISSIPPI CANYON BLOCK 194", AD01701, 0, 3
"NERLERK M-98C", AD00813, 0, 3
"EMERALD", AD01644, 3, 0
"SABLE ISLAND CONDENSATE", AD00956, 2, 2
"FUEL OIL NO.1 (JP-1)", AD00405, 1, 2
"STAR 5, EQUILON", AD02438, 1, 0
"ARABIAN LIGHT, PHILLIPS", AD00055, 1, 0
"COHASSET (1999)", AD02068, 2, 0
"NANNAI LIGHT, BP", AD01869, 3, 0
"SAHARAN BLEND (1999)", AD02316, 1, 2
"TIA JUANA LIGHT, SHELL OIL", AD01490, 3, 0
"CRACKER FEED, MOBIL OIL AUSTRALIA ", AD01886, 1, 0
"NAPHTHA, EXXON", AD00794, 1, 0
"MAUREEN", AD02253, 1, 0
"ZULUF/MARJAN", AD01756, 2, 0
"DORROOD, OIL & GAS", AD01306, 1, 0
"NORTHSTAR", AD02480, 1, 0
"BFC 21.9, CITGO", AD00147, 2, 0
"JET B (ALASKA)", AD02195, 0, 2
"BERRI", AD01613, 1, 0
"PLATFORM IRENE", AD00901, 1, 2
"ARDJUNA, OIL & GAS", AD01243, 1, 0
"SAHARAN BLEND BEJAIA, SHELL OIL", AD01486, 3, 0
"PLATFORM IRENE", AD02300, 0, 1
"DIESEL", AD00297, 1, 2
"MANDJI (1999)", AD02245, 1, 0
"MOTOR OIL (USED)", AD00782, 2, 2
"LLOYDMINSTER, SHELL OIL", AD01469, 3, 0
"ZAKUA", AD01193, 1, 0
"SALMON, OIL & GAS", AD01310, 2, 0
"OMAN", AD00852, 1, 0
"SOUTH PASS BLOCK 93", AD01740, 0, 3
"PRUDHOE BAY", AD00917, 0, 2
"BASRAH HEAVY", AD01605, 1, 0
"INTERMEDIATE FUEL OIL 300", AD02183, 0, 4
"ALPINE SALES OIL", AD02479, 1, 0
"BEKOK (1999)", AD02029, 1, 0
"TEXAS GULF COAST HEAVY", AD01081, 1, 0
"ARIMBI", AD01594, 1, 0
"FLOTTA, PHILLIPS", AD00385, 1, 0
"LAGOMEDIO", AD02212, 1, 2
"RANGELY", AD01717, 0, 2
"FUEL OIL NO.1 (JET FUEL A-1)", AD00413, 2, 2
"REDWATER", AD00940, 1, 0
"FCC FEED", AD01652, 0, 2
"QUA IBOE", AD01716, 2, 0
"ALASKA NORTH SLOPE, OIL & GAS", AD01346, 1, 0
"DUKHAN (1999)", AD02090, 1, 0
"IF-30 BUNKER FUEL OIL", AD00557, 0, 2
"ARABIAN HEAVY", AD00042, 1, 1
"FUEL OIL NO.1 (JET FUEL A)", AD00412, 2, 0
"SYNTHETIC", AD02356, 0, 2
"ABOOZAR (1999)", AD01983, 2, 0
"TERRA NOVA K-08 DST #4", AD01080, 2, 0
"AMNA", AD01595, 1, 0
"FLOTTA", AD00384, 1, 0
"LEONA (1999)", AD02213, 3, 0
"SIRRI, OIL & GAS", AD01311, 2, 0
"OMAN, PHILLIPS", AD00853, 1, 0
"SOUTH TIMBALIER BLOCK 130", AD01741, 0, 3
"BINTULU, OIL & GAS", AD01254, 1, 0
"BAHRGANSAR/NOWRUZ", AD01604, 1, 0
"INTERMEDIATE FUEL OIL 180 (SOCSEX)", AD02182, 0, 3
"LISBURNE", AD02478, 1, 0
"BEKAPAI (1999)", AD02028, 1, 0
"SAHARAN BLEND ARZEW, SHELL OIL", AD01487, 3, 0
"POINT ARGUELLO LIGHT (1999)", AD02301, 0, 2
"MALONGO (1999)", AD02244, 0, 2
"UNION, UNOCAL", AD00279, 1, 0
"QATAR LAND, MOBIL OIL AUSTRALIA ", AD01891, 1, 0
"LOKELE, SHELL OIL", AD01468, 3, 0
"NATURAL GASOLINE", AD01757, 1, 0
"FOROOZAN, OIL & GAS", AD01307, 1, 0
"WEST SAK", AD02481, 1, 0
"GULLFAKS, EXXON", AD00516, 1, 0
"JET B", AD02194, 0, 2
"BELIDA", AD01612, 2, 0
"PLATFORM B", AD00900, 1, 0
"SAJAA CONDENSATE, BP", AD01868, 3, 0
"SAKHALIN", AD02317, 0, 3
"TIERRA DEL FUEGO, SHELL OIL", AD01491, 3, 0
"YANBU ARABIAN LIGHT, ARAMCO", AD01184, 1, 0
"EAST SPAB, MOBIL OIL AUSTRALIA", AD01887, 1, 0
"MARS TLP", AD02252, 0, 2
"HIGH ISLAND BLOCK 154, PHILLIPS", AD00541, 1, 0
"DJENO BLEND (1999)", AD02086, 1, 0
"HONDO MONTEREY, OIL & GAS", AD01350, 1, 0
"MIRI LIGHT", AD01700, 1, 0
"NERLERK M-98B", AD00812, 0, 2
"MARINE DIESEL F-76, MANCHESTER FUEL", AD01215, 1, 0
"EOCENE", AD01645, 1, 0
"STAR 12, EQUILON", AD02439, 1, 0
"FUEL OIL NO.1 (DIESEL/HEATING FUEL), PETRO STAR", AD00404, 1, 0
"COLD LAKE BITUMEN", AD02069, 2, 2
"TIA JUANA MEDIUM", AD01096, 1, 0
"ALBERTA SWEET MIXED BLEND (REFERENCE #3, 1999)", AD01995, 0, 2
"SOROOSH (1999)", AD02340, 1, 0
"KUPARUK", AD02205, 1, 0
"GALEOTA MIX, AMOCO", AD01429, 2, 2
"TERRA NOVA K-08 DST #3", AD01079, 2, 0
"ABU AL BU KHOOSH", AD01583, 1, 0
"BREGA, ARCO", AD00185, 1, 0
"BIODIESEL", AD02442, 1, 0
"ATTAKA (1999)", AD02012, 1, 0
"GIPPSLAND (1999)", AD02157, 2, 0
"PANUKE", AD00869, 2, 0
"SEPINGGAN-YAKIN, OIL & GAS", AD01901, 1, 0
"KIRKUK BLEND,  OIL & GAS JOURNAL", AD00613, 1, 0
"GIPPSLAND, SHELL OIL", AD01452, 2, 0
"BARROW ISLAND, MARITIME SAFETY AUTHORITY OF NEW ZEALAND", AD01517, 1, 0
"VENEZUELA MIX", AD01147, 1, 0
"ORIMULSION-400 (1997)", AD02291, 0, 1
"MESA 28, CITGO", AD00756, 2, 0
"BRAE", AD02045, 1, 0
"QATAR MARINE, AMSA", AD02415, 1, 0
"HIBERNIA (EPA 86)", AD01669, 0, 2
"LABUAN BLEND", AD01686, 1, 0
"EMPIRE", AD02100, 0, 2
"ALGERIAN CONDENSATE, STATOIL", AD02550, 2, 0
"SYNTHETIC", AD01055, 2, 2
"VIOSCA KNOLL BLOCK 990 (ref. 1999)", AD02383, 0, 2
"NINIAN BLEND, OIL & GAS", AD01956, 1, 0
"LAGO MEDIO", AD00644, 2, 2
"ATTAKA, SHELL REFINING PTY ", AD01813, 1, 0
"LUCULA", AD00701, 0, 2
"LUCINA MARINE, OIL & GAS", AD01385, 1, 0
"LUCINA MARINE (1999)", AD02403, 1, 0
"BUNK FUEL OIL (IRVING WHALE)", AD02053, 0, 2
"ATTAKA/BEDAK", AD00081, 1, 0
"EUGENE ISLAND BLOCK 32", AD02116, 0, 2
"LOW SULPHUR WAXY GAS OIL", AD01690, 0, 1
"LAGUNA BLEND 24, CITGO", AD00652, 2, 0
"KUPARUK, OIL & GAS", AD01940, 1, 0
"ZAKUM (1999)", AD02395, 1, 0
"ROSSIIELF, RUSSIAN JOINT STOCK CO", AD01413, 2, 1
"RINCON DE LOS SAUCES, OIL & GAS", AD01556, 1, 0
"ELECTRICAL LUBRICATING OIL (USED)", AD00347, 2, 2
"MARGHAM", AD00717, 1, 0
"MURBAN, SHELL REFINING PTY ", AD01805, 1, 0
"ARABIAN EXTRA LIGHT, PHILLIPS", AD00039, 1, 0
"ARDJUNA", AD02004, 1, 0
"GLITNE, STATOIL", AD02454, 2, 0
"CEUTA", AD01628, 0, 1
"HOUT, OIL & GAS", AD01297, 1, 0
"GIPPSLAND, EXXON", AD00486, 1, 0
"FUEL OIL NO.4", AD02141, 0, 2
"DJENO, SHELL OIL", AD01444, 3, 0
"COBAN BLEND, PHILLIPS", AD00255, 1, 0
"OMAN EXPORT (1999)", AD02287, 1, 0
"DUAL PURPOSE KEROSINE,  MARITIME SAFETY AUTHORITY OF NEW ZEALAND", AD01501, 1, 0
"LIVERPOOL BAY,  OIL & GAS JOURNAL", AD01576, 2, 0
"JABIRU, AMSA", AD01825, 1, 0
"CALIFORNIA (API GRAVITY:11)", AD00222, 0, 1
"LEDUC WOODBEND", AD00672, 1, 0
"CABINDA, OIL & GAS", AD01960, 1, 0
"FORCADOS, CITGO", AD00388, 2, 0
"ALGERIAN CONDENSATE, SHELL OIL", AD01433, 1, 0
"TAKULA, CITGO", AD01063, 2, 0
"HEIDRUN, STATOIL", AD02566, 3, 0
"FUEL OIL NO.1 (JP-6)", AD02136, 1, 0
"CORMORANT NORTH (1999)", AD02073, 1, 0
"MIDDLE GROUND SHOAL", AD00760, 2, 0
"BONTANG MIX, BP", AD01872, 3, 0
"WEST GENERAL TEXAS", AD01171, 1, 0
"MURBAN, MARITIME SAFETY AUTHORITY OF NEW ZEALAND", AD01521, 2, 0
"KUTUBU, SHELL OIL", AD01464, 3, 0
"KUPARUK", AD00625, 1, 0
"COLD LAKE, OIL & GAS", AD01937, 1, 0
"MARINE GAS OIL", AD02248, 1, 0
"GREEN CANYON BLOCK 184", AD02161, 0, 2
"BASRAH LIGHT (1999)", AD02024, 1, 0
"ZUATA SWEET, OIL & GAS JOURNAL", AD02474, 3, 0
"FURRIAL/MESA 28, EXXON", AD00449, 1, 0
"BEKAPAI", AD01608, 1, 0
"UDANG, OIL & GAS", AD01258, 1, 0
"KHAFJI,  MARITIME SAFETY AUTHORITY OF NEW ZEALAND", AD01537, 2, 0
"KUWAIT, BP", AD01864, 3, 0
"MONTROSE", AD00776, 2, 0
"COLD LAKE DILUENT, ESSO", AD00263, 0, 2
"NAPHTHA (RUBBER SOLVENT)", AD00799, 0, 1
"IRANIAN HEAVY, OIL & GAS", AD01921, 2, 0
"KUWAIT LIGHT, PHILLIPS", AD00633, 1, 0
"LUCINA, SHELL OIL", AD01472, 3, 0
"ZAIRE", AD01188, 0, 2
"SOUR BLEND", AD01022, 2, 2
"HOUT (1999)", AD02177, 1, 2
"OLMECA, CITGO", AD00849, 1, 0
"KIMKOL", AD02198, 2, 0
"OSEBERG BLEND, STATOIL", AD02462, 1, 0
"BELRIDGE HEAVY", AD02032, 0, 2
"COOPER BASIN HEAVY NAPHTHA, SANTOS LTD", AD01833, 1, 0
"MARINE DIESEL FUEL OIL", AD00721, 1, 1
"AMNA", AD01999, 1, 0
"NEMBA, GALLAGER MARINE", AD01425, 1, 0
"LABUAN BLEND (1999)", AD02209, 1, 0
"FEDERATED (1998)", AD02120, 0, 2
"ALASKA NORTH SLOPE, BP", AD02570, 4, 0
"ARABIAN LIGHT, ARAMCO", AD00058, 2, 0
"CHAMPION EXPORT (1999)", AD02065, 1, 0
"FUEL OIL NO.1 (JP-8)", AD00408, 1, 0
"KUWAIT (2001)", AD02435, 1, 0
"ESPOIR", AD01649, 1, 0
"VENEZUELA RECON", AD01219, 1, 0
"SOCKEYE COMINGLED", AD02337, 0, 3
"GASOLINE: BLENDING STOCKS (REFORMATES)", AD00473, 1, 1
"BRENT, CITGO", AD00189, 2, 0
"CORMORANT NORTH", AD01632, 1, 0
"QATAR MARINE, PHILLIPS", AD00920, 1, 0
"DURI, OIL & GAS", AD01262, 1, 0
"MOTOR GASOLINE-UNLEADED, SHELL REFINING PTY ", AD01777, 1, 0
"SOUEDIE, OIL & GAS", AD01327, 1, 0
"HI 561-GRAND CHENIER, PHILLIPS", AD00536, 1, 0
"LAGOTRECO", AD00648, 1, 0
"TACHING", AD01059, 1, 0
"TAPIS BLEND (1999)", AD02360, 1, 2
"KUTUBU LIGHT, BHP PETROLEUM", AD01235, 3, 0
"GREEN CANYON BLOCK 109", AD01665, 0, 3
"SANTA ROSA CONDENSATE", AD00977, 1, 0
"FUEL OIL NO.2", AD00424, 1, 0
"SAHARAN BLEND", AD01720, 1, 0
"GIPPSLAND, SHELL REFINING PTY ", AD01809, 1, 0
"UDANG (1999)", AD02376, 1, 2
"ARABIAN MEDIUM, EXXON", AD00062, 1, 0
"HONDO SANSTONE", AD01673, 1, 0
"WEST TEXAS INTERMEDIATE, OIL & GAS", AD01223, 1, 0
"NIKISKI", AD00824, 2, 0
"SOROOSH", AD01736, 1, 0
"CORMORANT NORTH, OIL & GAS", AD01366, 1, 0
"BCF 17, AMOCO", AD00127, 2, 2
"ISTHMUS, PHILLIPS", AD00577, 1, 0
"COLD LAKE, EXXON", AD00259, 1, 0
"MOUSSE MIX (PETAWAWA)", AD02264, 0, 2
"FLOTTA, SHELL OIL", AD01448, 3, 0
"CANO LIMON, OIL & GAS", AD01274, 2, 0
"VARG, STATOIL", AD02458, 1, 0
"GASOLINE (CASINGHEAD)", AD00465, 1, 1
"ASPHALT CHARGED STOCK", AD02008, 0, 1
"BREGA, OIL & GAS", AD01331, 2, 0
"POUI, AMOCO", AD01430, 2, 2
"TAPIS (1999)", AD02359, 1, 0
"HARRIET, APACHE ENERGY LTD", AD01826, 2, 0
"MAYA, EXXON", AD00734, 1, 0
"KUKAPO, CALTEX", AD02420, 1, 0
"COLD LAKE BLEND", AD02070, 1, 2
"HONDO BLEND, OIL & GAS", AD01349, 1, 0
"ROSTAM", AD01719, 1, 0
"GULLFAKS, STATOIL", AD02565, 3, 0
"FUEL OIL NO.1 (JP-5)", AD02135, 0, 2
"BARROW ISLAND", AD00108, 0, 2
"SARIR, OIL & GAS", AD01934, 1, 0
"LAGOTRECO, SHELL OIL", AD01467, 3, 0
"WEST NEDERLAND", AD01172, 1, 0
"SKUA, SHELL OIL", AD01488, 3, 0
"MAUI B, MARITIME SAFETY AUTHORITY OF NEW ZEALAND", AD01522, 1, 0
"FLASHED FEED STOCKS", AD00299, 1, 2
"EKOFISK, PHILLIPS", AD00333, 1, 0
"BEATRICE", AD02027, 2, 0
"MILNE POINT", AD02477, 1, 0
"GREEN CANYON BLOCK 65", AD02162, 0, 2
"LORETO, SHELL OIL", AD01471, 3, 0
"ERAWAN, MOBIL OIL AUSTRALIA ", AD01888, 1, 0
"KUWAIT, ARCO", AD00630, 1, 0
"BASRAH, OIL & GAS", AD01922, 1, 0
"SALADIN (1999)", AD02318, 2, 0
"BELIDA (1999)", AD02031, 2, 0
"IRANIAN LIGHT, OIL & GAS", AD01308, 2, 0
"NEWFOUNDLAND OFFSHORE BURN EXPERIMENT", AD01758, 0, 1
"HONDO BLEND", AD02174, 1, 0
"LARG TRECO MEDIUM, CITGO", AD00667, 2, 0
"TERRA NOVA", AD01076, 0, 2
"ULA", AD01133, 0, 1
"MARINE GAS OIL", AD00722, 1, 0
"COOPER BASIN, SANTOS LTD", AD01830, 1, 0
"CINTA (1999)", AD02066, 1, 0
"DIESEL FUEL OIL NO.2 (BONDED), TESORO", AD02436, 1, 0
"FLOTTA", AD02123, 2, 0
"DUBAI (1999)", AD02089, 2, 0
"ALASKA NORTH SLOPE 2010", AD02573, 0, 2
"NORTHWEST SHELF, MARITIME SAFETY AUTHORITY OF NEW ZEALAND", AD01518, 2, 0
"BORHOLLA", AD00165, 2, 0
"GORM", AD02158, 1, 0
"HI 330/349 CONDENSATE, PHILLIPS", AD00535, 1, 0
"DIESEL/HEATING OIL NO.2, CHEVRON", AD01774, 1, 0
"ARABIAN MEDIUM, OIL & GAS", AD01324, 2, 0
"QUA IBO", AD00923, 1, 0
"COOPER BASIN", AD01631, 1, 0
"MIRI LIGHT, OIL & GAS", AD01261, 1, 0
"ALASKA NORTH SLOPE", AD00020, 1, 1
"GASOLINE BLENDING STOCK (REFORMATE), EXXON", AD00470, 1, 0
"TEMBUNGO (1999)", AD02363, 1, 0
"MURCHISON, OIL & GAS", AD01959, 1, 0
"LOUISIANA", AD01689, 0, 2
"NORMAN WELLS", AD00831, 2, 2
"SALMON", AD01723, 2, 0
"BELAYIM (MARINE)", AD00132, 1, 0
"GIPPSLAND, BHP PETROLEUM", AD01236, 2, 0
"GRIFFIN", AD01666, 1, 0
"ESCALANTE, OIL & GAS", AD01559, 2, 0
"MARIB, PHILLIPS", AD00718, 1, 0
"ELECTRICAL LUBRICATING OIL (VIRGIN)", AD00348, 2, 2
"FEDERATED (1994)", AD02119, 0, 2
"BCF 22, CITGO", AD00124, 2, 0
"ALBA", AD02549, 2, 0
"SKUA", AD01735, 1, 0
"NINIAN, CITGO", AD00827, 2, 0
"HIGH VISCOSITY FUEL OIL", AD01670, 0, 2
"DAQIN", AD01220, 1, 0
"FUEL OIL NO.2 (DIESEL), STAR ENTERPRISE", AD00431, 1, 0
"SANGA SANGA (1999)", AD02322, 1, 0
"MURCHISON", AD02267, 1, 0
"ZAKUM, OIL & GAS", AD01918, 1, 0
"GASOLINE (LEADED)", AD00466, 2, 2
"CANO LIMON", AD01627, 2, 0
"RANGELAND-SOUTH LIGHT AND MEDIUM", AD00935, 1, 0
"EUGENE ISLAND BLOCK 32", AD01650, 0, 2
"ZETA NORTH", AD01200, 1, 0
"ARABIAN EXTRA LIGHT, ARAMCO", AD00041, 1, 0
"FUEL OIL NO.2 (HIGH AROMATIC CONTENT HEATING OIL)", AD02139, 2, 0
"EAST ZEIT MIX (1999)", AD02093, 1, 0
"HUTTON", AD00554, 1, 0
"HUNGO BLEND, STATOIL", AD02569, 3, 0
"QATAR MARINE", AD01715, 1, 0
"LLOYDMINSTER, OIL & GAS", AD01345, 1, 0
"LAGO (1999)", AD02210, 0, 2
"ARDJUNA", AD01596, 1, 0
"UDANG", AD01129, 1, 2
"BRENT, SUN", AD01579, 2, 0
"TEXTRACT, STAR ENTERPRISE", AD01083, 1, 0
"MAYOGIAK", AD00738, 2, 0
"SWEET BLEND (1999)", AD02355, 0, 6
"IF-30 FUEL OIL 180", AD02181, 0, 4
"BASRAH MEDIUM", AD01607, 1, 0
"PRIMER ASPHALT", AD00915, 0, 2
"SOROOSH, OIL & GAS", AD01312, 1, 0
"SOYO BLEND", AD01742, 1, 0
"ZAIRE, CHEVRON", AD01191, 1, 0
"MARINE DIESEL FUEL OIL", AD02247, 1, 1
"QATAR MARINE, MOBIL OIL AUSTRALIA", AD01892, 1, 0
"RAINBOW LIGHT AND MEDIUM, OIL & GAS", AD01938, 1, 0
"PORT HUENEME", AD02302, 0, 2
"RABI BLEND, SHELL OIL", AD01484, 3, 0
"BELAYIM", AD01611, 1, 0
"KHALDA (1999)", AD02197, 1, 0
"BACHAQUERO-DELAWARE RIVER, CITGO", AD02482, 1, 0
"HYDRA", AD02178, 1, 0
"BETA", AD00145, 2, 2
"GULLFAKS", AD00515, 1, 3
"OGUENDJO, AMOCO", AD00846, 2, 2
"ZARZAITINE", AD01754, 1, 0
"ABOOZAR, OIL & GAS", AD01304, 2, 0
"NAPHTHA (COAL TAR)", AD00796, 1, 2
"BASRAH LIGHT, MOBIL OIL AUSTRALIA", AD01884, 1, 0
"MARS BLEND", AD02251, 3, 0
"VENTURA SHELL TAYLOR LEASE, SHELL OIL", AD01492, 3, 0
"EKOFISK, CITGO", AD00329, 2, 0
"ROSTAM (1999)", AD02314, 1, 0
"FUEL OIL NO.1 (JP-5)", AD00407, 1, 2
"ARABIAN LIGHT, STAR ENTERPRISE", AD00057, 1, 0
"ES SIDER", AD01646, 1, 0
"NERLERK", AD00811, 0, 3
"OLMECA", AD01703, 1, 0
"KUTUBU (1999)", AD02206, 3, 0
"MISSISSIPPI CANYON BLOCK 807", AD01979, 0, 2
"FORKED ISLAND TERMINAL, AMOCO", AD00391, 2, 2
"ALBERTA SWEET MIXED BLEND (REFERENCE #4, 1999)", AD01996, 0, 2
"MOTOR GASOLINE-LEADED, SHELL REFINING PTY ", AD01778, 1, 0
"BACHAQUERO, OIL & GAS", AD01282, 1, 0
"GASOLINE BLENDING STOCKS (ALKYLATES)", AD02154, 0, 1
"BOSCAN", AD00169, 2, 2
"ESCALANTE, ITS", AD02441, 3, 0
"ATKINSON (1999)", AD02011, 0, 1
"SOCKEYE SOUR", AD02338, 0, 2
"ORIMULSION-400 (1999)", AD02292, 0, 1
"MCKEE BLEND 10% NGAT-3, MARITIME SAFETY AUTHORITY OF NEW ZEALAND", AD01514, 1, 0
"FURRIAL, SHELL OIL", AD01451, 3, 0
"CEUTA, API", AD00240, 1, 0
"KIRKUK", AD00610, 1, 0
"MIANDOUM", AD02103, 0, 1
"AVIATION GASOLINE 80", AD00094, 0, 2
"AZERI BTC, STATOIL", AD02553, 3, 0
"KUTUBU", AD01685, 3, 0
"BRASS RIVER", AD02046, 1, 0
"NWS CONDENSATE, SHELL REFINING PTY ", AD01810, 1, 0
"UVILUK (1999)", AD02380, 0, 2
"LAGO TRECO, CITGO", AD00647, 2, 0
"MONTROSE, OIL & GAS", AD01955, 2, 0
"GRIFFIN, OIL & GAS", AD01406, 1, 0
"FLOTTA, OIL & GAS", AD01369, 1, 0
"MAIN PASS BLOCK 37", AD01693, 0, 3
"SOUTH PASS BLOCK 67", AD01739, 0, 3
"ISTHMUS", AD00578, 1, 0
"15W40 MOTOR OIL, SHELL", AD02545, 2, 0
"AUK", AD00082, 2, 0
"BEATRICE", AD00128, 2, 0
"ESPOIR (1999)", AD02115, 1, 0
"FUEL OIL N0.1 (JP-8)", AD02400, 1, 0
"BUCHAN", AD02050, 1, 0
"OMAN, SHELL REFINING PTY ", AD01806, 1, 0
"STATFJORD", AD01040, 1, 2
"GORM, OIL & GAS", AD01943, 1, 0
"LAGUNA 22, CITGO", AD00651, 2, 0
"ZARZITINE", AD02396, 1, 0
"FUEL OIL NO.5", AD02142, 0, 1
"PILON", AD00893, 1, 0
"ASHTART", AD02007, 1, 0
"BRENT, PHILLIPS", AD00190, 1, 0
"QATAR NORTH FIELD CONDENSATE (NFR-1), MOBIL", AD01851, 1, 0
"POINT ARGUELLO COMINGLED (1999)", AD02284, 0, 2
"TIA JUANA LIGHT, OIL & GAS", AD01914, 1, 0
"ETCHEGOIN, SHELL OIL", AD01447, 3, 0
"WABASCA BITUMEN", AD01153, 0, 1
"ALASKA NORTH SLOPE-PUMP STATION #9, BP", AD01850, 2, 2
"OLMECA (1999)", AD02285, 1, 0
"TIA JUANA HEAVY, OIL & GAS", AD01915, 1, 0
"COHASSET", AD00257, 2, 0
"ESCRAVOS, SHELL OIL", AD01446, 3, 0
"FUEL OIL NO.6", AD02143, 1, 0
"BURGAN, OIL & GAS", AD01295, 1, 0
"RATNA", AD00938, 2, 0
"ARIMBI (1999)", AD02006, 1, 0
"LUFENG, STATOIL", AD02456, 1, 0
"ELECTRICAL INSULATING OIL (USED)", AD00345, 3, 2
"ULA (1999)", AD02378, 0, 1
"BARROW ISLAND, SHELL REFINING PTY ", AD01807, 1, 0
"LIGHT LOUISIANNA SWEET, BP", AD01554, 1, 0
"RABBI, COASTAL EAGLE POINT OIL", AD01411, 3, 0
"DAN, OIL & GAS", AD01942, 1, 0
"LAGUNA, CITGO", AD00650, 2, 0
"ZUEITINA (1999)", AD02397, 1, 0
"LUCINA MARINE", AD01692, 1, 0
"SARIR, ITOPF", AD00980, 1, 0
"SOUTH PASS BLOCK 60", AD01738, 0, 3
"MARINE DIESEL OIL, ESSO", AD02544, 0, 1
"ISTHMUS/MAYA BLEND", AD00579, 1, 0
"ESCRAVOS (1999)", AD02114, 1, 0
"GULF ALBERTA LIGHT AND MEDIUM (1999)", AD02401, 1, 0
"BUNKER C FUEL OIL", AD02051, 1, 2
"THEVENARD, SHELL REFINING PTY ", AD01811, 1, 0
"EMPIRE", AD00353, 2, 2
"VASCONIA", AD02381, 0, 2
"MAUREEN, OIL & GAS", AD01954, 1, 0
"KOME", AD02102, 0, 1
"BACHAGUERO, CITGO", AD00095, 2, 0
"AASGARD BLEND, STATOIL", AD02552, 2, 0
"SHARJAH CONDENSATE, API", AD00996, 1, 0
"KUMKOL", AD01684, 2, 0
"BREGA (1999)", AD02047, 2, 0
"ISTHMUS/REFORMA/CACTUS, API", AD00580, 1, 0
"UPPER ZAKUM, AMSA", AD02417, 1, 0
"SOCKEYE SWEET", AD02339, 0, 2
"OSEBERG", AD02293, 1, 2
"HANDIL, MARITIME SAFETY AUTHORITY OF NEW ZEALAND", AD01515, 1, 0
"FORTIES, SHELL OIL", AD01450, 3, 0
"KIRKUK, EXXON", AD00611, 1, 0
"AUTOMOTIVE DIESEL FUEL, SHELL REFINING PTY ", AD01779, 1, 0
"HIBERNIA", AD00538, 0, 2
"GASOLINE BLENDING STOCKS (REFORMATES)", AD02155, 0, 1
"BRENT", AD00187, 2, 0
"SAKHALIN II", AD02440, 1, 0
"PENETRATING OIL", AD00884, 1, 2
"MONTEREY, TORCH", AD01581, 1, 0
"KUWAIT (1999)", AD02207, 1, 2
"VIOSCA KNOLL BLOCK 990", AD01978, 0, 3
"LOKELE, CITGO", AD00685, 2, 0
"SOUR BLEND", AD02342, 0, 6
"TIA JUANA LIGHT, CITGO", AD01094, 2, 0
"FUEL OIL NO.1 (JP-4)", AD00406, 0, 2
"KERN COUNTY BLEND", AD01217, 1, 0
"ESCALANTE", AD01647, 2, 0
"NEKTORALIK K-59A", AD00810, 2, 3
"MUBAREK", AD01702, 2, 0
"DIESEL FUEL OIL (SOUTHERN USA 1997)", AD02084, 0, 2
"NAPHTHA (SOLVENT)", AD00797, 2, 2
"BELIDA, MOBIL OIL AUSTRALIA ", AD01885, 1, 0
"MARINE INTERMEDIATE FUEL OIL", AD02250, 0, 6
"YOMBO, AMOCO", AD01186, 2, 2
"VIOSCA KNOLL 826, SHELL OIL", AD01493, 3, 0
"MORICHAL", AD00778, 1, 0
"SABLE ISLAND CONDENSATE (1999)", AD02315, 0, 2
"EKOFISK", AD00328, 2, 1
"BEKOK", AD01610, 1, 0
"KHAFJI (1999)", AD02196, 4, 0
"CONDENSATE (SWEET), ENCANA CORP.", AD02483, 3, 0
"IF-30 FUEL OIL", AD02179, 0, 1
"ZUEITINA", AD01755, 1, 0
"MARGHAM LIGHT (1999)", AD02246, 1, 0
"THAMMAMA, MOBIL OIL AUSTRALIA ", AD01893, 1, 0
"MOTOR FUEL ANTI-KNOCK COMPOUNDS", AD00781, 1, 1
"RANGELAND-SOUTH, OIL & GAS", AD01939, 1, 0
"PROPYLENE TETRAMER", AD02303, 0, 1
"DF2 WINTER (DIESEL), TESORO", AD00294, 1, 0
"RABI-KOUNGA, SHELL OIL", AD01485, 3, 0
"IF-30 FUEL OIL (SVALBARD)", AD02180, 0, 2
"FULMAR", AD00447, 1, 0
"ADGO", AD00017, 2, 2
"PULAI, OIL & GAS", AD01256, 1, 0
"BASRAH LIGHT", AD01606, 1, 0
"BASRAH HEAVY, OIL & GAS", AD01313, 1, 0
"TAPIS", AD01743, 1, 0
"GRANITE POINT", AD00502, 1, 2
"FLOTTA MIX", AD00386, 2, 0
"LAGO TRECO", AD02211, 0, 3
"ASHTART", AD01597, 1, 0
"TEXAS GULF COAST LIGHT", AD01082, 1, 0
"SWANSON RIVER", AD02354, 0, 2
"POSIDEN, EQUILON", AD01981, 1, 0
"EUGENE ISLAND BLOCK 43", AD01651, 0, 2
"ARABIAN EXTRA LIGHT, STAR ENTERPRISE", AD00040, 1, 0
"FUEL OIL NO.1 (JP-3)", AD00410, 0, 1
"FUEL OIL NO.2", AD02138, 0, 2
"BANOCO ABU SAFAH, ARAMCO", AD00105, 1, 0
"DUNLIN", AD02092, 1, 0
"LOW SULFUR VACUUM GAS OIL, CHEVRON", AD02568, 1, 0
"PULAI", AD01714, 1, 0
"WAINWRIGHT-KINSELLA, OIL & GAS", AD01344, 1, 0
"ES SIDER, OIL & GAS", AD01333, 1, 0
"DUBAI, OIL & GAS", AD01299, 2, 0
"CANADON SECO", AD01626, 2, 0
"SANTA CLARA", AD02323, 0, 2
"ORIENTE (1999)", AD02289, 1, 3
"MURBAN", AD02266, 1, 5
"KHAFJI, OIL & GAS", AD01919, 1, 0
"BCF 24", AD00125, 2, 2
"EVERDELL", AD02118, 0, 2
"ISTHMUS, CITGO", AD00575, 2, 0
"AGBAMI, STATOIL", AD02548, 2, 0
"HONDO BLEND", AD01671, 1, 0
"SHIAN LI", AD01221, 1, 0
"CANADON", AD01558, 2, 0
"TRANSMOUNTAIN BLEND", AD02374, 0, 2
"LUBRICATING OIL (ENGINE, DIESEL LOCOMOTIVE) GRADE 40", AD02231, 2, 0
"LORETO", AD01688, 1, 1
"SALAWATI", AD01722, 1, 0
"INTERPROVINCIAL", AD00563, 1, 0
"BACHAQUERO 17, EXXON", AD00099, 1, 0
"BELAYIM (LAND)", AD00133, 1, 0
"ARUN CONDENSATE", AD00076, 1, 0
"CHAMPION EXPORT, OIL & GAS", AD01237, 1, 0
"GULF OF SUEZ", AD01667, 1, 0
"TARTAN", AD02362, 1, 0
"THISTLE, OIL & GAS", AD01958, 2, 0
"GRANITE POINT", AD02159, 0, 2
"BONNY MEDIUM", AD00164, 1, 0
"HI 317, PHILLIPS", AD00534, 1, 0
"DESTIN DOME CIS, MMS", AD01775, 1, 1
"MUBAREK, OIL & GAS", AD01325, 2, 0
"CINTA", AD01630, 1, 0
"TEMBUNGO, OIL & GAS", AD01260, 1, 0
"GASOLINE BLENDING STOCKS", AD00471, 1, 1
"BRASS RIVER, MARITIME SAFETY AUTHORITY OF NEW ZEALAND", AD01519, 1, 0
"METHYL TERTIARY BUTYL ETHER", AD00758, 1, 1
"SKUA (1999)", AD02335, 1, 0
"NAPHTHA (STODDARD SOLVENT)", AD02270, 0, 3
"COAL OIL POINT SEEP OIL", AD02067, 0, 3
"STAR 4, EQUILON", AD02437, 1, 0
"FEDERATED LIGHT AND MEDIUM (1999)", AD02122, 1, 0
"DOS CUADRAS", AD02088, 0, 2
"ARABIAN LIGHT (2000)", AD02572, 0, 1
"CAT CRACKING FEED", AD00236, 1, 2
"TERRA NOVA K-08 DST #1", AD01077, 1, 0
"FUEL OIL NO.2, AMOCO", AD01427, 1, 0
"BENIN RIVER, CHEVRON", AD01562, 0, 1
"TIA JUANA MEDIUM, ARCO", AD01098, 1, 0
"MARINE GAS OIL (HEAVY)", AD00723, 1, 0
"COOPER BASIN LIGHT NAPHTHA, SANTOS LTD", AD01831, 1, 0
"GULLFAKS A, STATOIL", AD02460, 2, 0
"BELAYIM (1999)", AD02030, 1, 0
"ROSTAM, OIL & GAS", AD01309, 1, 0
"ALASKA NORTH SLOPE (MIDDLE PIPELINE, 1997)", AD01759, 0, 2
"HONDO MONTEREY", AD02175, 1, 2
"ARABIAN LIGHT, SHELL OIL", AD01470, 3, 0
"SOCKEYE", AD01020, 2, 2
"COLD LAKE BITUMEN, ESSO", AD00261, 0, 1
"KUTUBU LIGHT, MOBIL OIL AUSTRALIA ", AD01889, 1, 0
"KUWAIT CRUDE OIL (LITERATURE VALUES)", AD00631, 1, 1
"BASRAH MEDIUM, OIL & GAS", AD01923, 1, 0
"SALAWATI (1999)", AD02319, 1, 0
"AL RAYYAN, BP", AD01866, 3, 0
"THEVENARD,  MARITIME SAFETY AUTHORITY OF NEW ZEALAND", AD01535, 2, 0
"BCF 24", AD02026, 1, 2
"BUNKER C, JEA", AD02476, 1, 0
"GRIFFIN (1999)", AD02163, 1, 0
"KUWAIT", AD00627, 1, 2
"SPRAY OIL", AD01036, 1, 1
"LAGOMAR, SHELL OIL", AD01466, 3, 0
"SOYO, SHELL OIL", AD01489, 3, 0
"BELIDA, BP", AD01870, 3, 0
"EKOFISK, EXXON", AD00332, 1, 0
"COLD LAKE DILUENT", AD02071, 0, 2
"RINCON DE LOS SAUCES", AD01718, 2, 0
"GUDRUN BLEND, STATOIL", AD02564, 3, 0
"BASRAH", AD00109, 1, 0
"FUEL OIL NO.1 (JP-4)", AD02134, 0, 2
"TAKULA", AD01061, 1, 2
"MANDJI, OIL & GAS", AD01962, 1, 0
"TAKULA (1999)", AD02358, 0, 2
"ESCRAVOS, AMOCO", AD00365, 2, 2
"STAG, APACHE ENERGY LTD", AD01827, 1, 0
"MAYA, PHILLIPS", AD00735, 1, 0
"ARABIAN HEAVY, AMOCO", AD00047, 2, 2
"FORCADOS BLEND", AD01656, 1, 0
"RESIDUAL FUEL 900, TESORO", AD00944, 1, 0
"PRUDHOE BAY (1995)", AD01713, 0, 2
"NAPHTHA (STODDARD SOLVENT)", AD00801, 1, 3
"BAHIA", AD00102, 1, 0
"ELECTRICAL INSULATING OIL (NEW)", AD02095, 0, 2
"ALBERTA SWEET MIXED BLEND (PETAWAWA, 1996)", AD01590, 0, 2
"KIMKOL, OIL & GAS", AD01969, 2, 0
"LORETO (1999)", AD02216, 1, 0
"ALASKA NORTH SLOPE (1989)", AD01986, 0, 1
"LSWR", AD00694, 1, 0
"SUMATRAN LIGHT (1999)", AD02353, 1, 1
"THISTLE", AD01085, 2, 0
"BACH HO", AD01601, 3, 0
"PREMIUM UNLEADED GASOLINE, STAR ENTERPRISE", AD00913, 1, 0
"IRANIAN LIGHT (1999)", AD02187, 2, 0
"ABU SAFAH, ARAMCO", AD00010, 2, 0
"EAGLE FORD SHALE", AD02538, 1, 0
"HEBRON", AD02168, 3, 2
"TAPIS BLEND", AD01744, 1, 0
"UPPER ZAKUM, MOBIL OIL AUSTRALIA ", AD01894, 1, 0
"MTBE, EXXON", AD00786, 1, 0
"MAGNUS", AD02241, 1, 0
"MIRI LIGHT, MARITIME SAFETY AUTHORITY OF NEW ZEALAND", AD01528, 1, 0
"WEST TEXAS SOUR", AD01178, 1, 2
"PECAN ISLAND, SHELL OIL", AD01482, 3, 0
"PRUDHOE BAY", AD02304, 0, 6
"MINERAL SEAL OIL", AD00769, 0, 1
"DF2 SUMMER (DIESEL), TESORO", AD00293, 1, 0
"PORT HUENEME", AD00905, 2, 2
"BEKAPAI, OIL & GAS", AD01247, 1, 0
"WEST DELTA BLOCK 97", AD01752, 0, 3
"EAST ZEIT MIX, OIL & GAS", AD01302, 1, 0
"BERYL", AD00143, 2, 0
"GULF OF SUEZ, PHILLIPS", AD00513, 1, 0
"SHARJAH CONDENSATE, OIL & GAS", AD01928, 2, 0
"MEREY (1999)", AD02257, 2, 0
"ARABIAN EXTRA LIGHT, MOBIL OIL AUSTRALIA", AD01882, 1, 0
"RINCON DE LOS SAUCES (1999)", AD02312, 2, 0
"WEST DELTA BLOCK 89, SHELL OIL", AD01494, 3, 0
"DUBAI", AD01640, 2, 0
"ARABIAN LIGHT", AD00051, 2, 3
"DIESEL FUEL OIL (SOUTHERN USA 1994)", AD02083, 0, 2
"HONDO", AD00544, 2, 2
"FORCADOS BLEND (1999)", AD02129, 1, 0
"NIGERIAN EXP. B1", AD00817, 1, 0
"ORIENTE", AD01705, 1, 0
"KITTIWAKE (1999)", AD02200, 1, 0
"FOSTERTON", AD00397, 2, 0
"ALASKA NORTH SLOPE (NORTHERN PIPELINE, 1996)", AD01586, 0, 2
"TIA JUANA LIGHT", AD01093, 2, 0
"UPPER ZAKUM, PHILLIPS", AD01139, 1, 0
"SOUTH PASS BLOCK 67", AD02345, 0, 2
"FCC VGO", AD00378, 0, 2
"LIUHUA, AMOCO", AD00682, 2, 2
"ALASKA NORTH SLOPE (SOUTHERN PIPELINE, 1999)", AD01990, 0, 2
"GORM", AD00495, 1, 0
"CEUTA, OIL & GAS", AD01284, 1, 0
"MARINE DIESEL, U.S. NAVY", AD02447, 1, 0
"AVIATION GASOLINE 80", AD02017, 0, 2
"MCKEE BLEND 10% NGAT-1, MARITIME SAFETY AUTHORITY OF NEW ZEALAND", AD01512, 1, 0
"PANUKE (1999)", AD02294, 2, 0
"KOAKOAK 0-22A", AD00616, 0, 3
"ORIENTE, OIL & GAS", AD01904, 1, 0
"HUNTINGTON BEACH, SHELL OIL", AD01457, 2, 0
"SHENGLI", AD01729, 1, 0
"KOMINEFT", AD01683, 0, 2
"BENT HORN A-02", AD00138, 0, 2
"CUSIANA, MOTIVA ENTERPRISES LLC", AD02105, 1, 0
"CLOV, STATOIL", AD02555, 3, 0
"AVIATION GASOLINE 100LL, STAR ENTERPRISE", AD00092, 1, 0
"BONNY LIGHT (1999)", AD02040, 1, 0
"EAST SPAR, AMSA", AD02410, 1, 0
"MAGNUS", AD00704, 1, 0
"WIDURI, SHELL REFINING PTY ", AD01816, 1, 0
"THISTLE (1999)", AD02369, 2, 0
"EMPIRE ISLAND, AMOCO", AD00354, 2, 2
"SUNNILAND, EXXON", AD01050, 1, 0
"SALADIN, OIL & GAS", AD01400, 2, 0
"MAGNUS, OIL & GAS", AD01953, 1, 0
"WALIO (1999)", AD02386, 1, 0
"AUTOMOTIVE GASOLINE, EXXON", AD00084, 1, 0
"AUTOMOTIVE DIESEL OIL, ESSO", AD02543, 0, 1
"ESCALANTE (1999)", AD02113, 2, 0
"MANDJI", AD01695, 1, 0
"CABINDA", AD02056, 1, 0
"WEST TEXAS SOUR, BP", AD01553, 1, 0
"WHITE SPIRIT, SHELL REFINING PTY ", AD01800, 1, 0
"WEST SAK (1999)", AD02390, 1, 0
"GULLFAKS, OIL & GAS", AD01945, 1, 0
"SUEZ MIX", AD01046, 1, 0
"FULMAR", AD02144, 1, 0
"BRASS RIVER, CITGO", AD00179, 2, 0
"HEAVY CAT CYCLE OIL, EXXON", AD00529, 1, 0
"ARABIAN HEAVY (1999)", AD02001, 1, 1
"BRENT MIX, EXXON", AD00196, 1, 0
"NORMAN WELLS (1999)", AD02282, 0, 5
"SURAT BASIN, BP", AD01857, 3, 0
"DUNLIN", AD00315, 1, 0
"SHARJAH CONDENSATE (1999)", AD02328, 2, 0
"BRASS RIVER, SHELL OIL", AD01441, 3, 0
"LA ROSA MEDIUM, OIL & GAS", AD01912, 1, 0
"CANO LIMON, CITGO", AD00227, 2, 0
"BONNY MEDIUM, OIL & GAS", AD01965, 1, 0
"BACHAQUERO, SHELL OIL", AD01436, 3, 0
"ESCALANTE, PHILLIPS", AD00362, 1, 0
"MCKEE, SHELL REFINING PTY ", AD01820, 1, 0
"MAYA, CITGO", AD00732, 2, 0
"HOME HEATING OIL", AD02426, 2, 0
"COSSACK", AD02076, 2, 0
"EMERALD (1999)", AD02099, 3, 0
"GRANE BLEND, STATOIL", AD02563, 3, 0
"FUEL OIL NO.1 (JP-3)", AD02133, 0, 1
"SOYO", AD01031, 1, 0
"KERN RIVER-SWEPI, SHELL OIL", AD01461, 2, 0
"AMNA, OIL & GAS", AD01932, 1, 0
"KOLE MARINE BLEND, OIL & GAS", AD00620, 1, 0
"CORMORANT", AD00270, 1, 0
"BEKOPAI, CALTEX", AD01898, 1, 0
"CHERVIL, NOVUS WA PTY LTD", AD01877, 1, 0
"QUA IBOE (1999)", AD02308, 2, 0
"WEST SAK", AD01174, 1, 0
"KUTUBU, MARITIME SAFETY AUTHORITY OF NEW ZEALAND", AD01524, 2, 0
"BAHRGANSAR/NOWRUZ (1999)", AD02021, 1, 0
"JOTUN, OIL & GAS JOURNAL", AD02471, 2, 0
"OMAN EXPORT, OIL & GAS", AD01318, 1, 0
"BONNY LIGHT, CITGO", AD00159, 2, 0
"GULF OF SUEZ MIX", AD02164, 1, 0
"KIRKUK, OIL & GAS", AD01924, 1, 0
"OLMECA, SHELL OIL", AD01477, 3, 0
"WC BLOCK 45 BEACH-CONDENSATE, PHILLIPS", AD01162, 1, 0
"YOWLUMNE, SHELL OIL", AD01498, 3, 0
"UMM SHAIF, BP", AD01861, 3, 0
"DANMARK", AD00289, 1, 0
"NJORD, STATOIL", AD02467, 2, 0
"BETA", AD02037, 0, 2
"HIGH VISCOSITY FUEL OIL", AD02172, 0, 2
"TARSIUT", AD01070, 2, 2
"GRIFFIN, AMSA", AD01420, 1, 0
"SOUTH GEISUM, GEISUM OIL", AD01973, 1, 0
"MARINE INTERMEDIATE FUEL OIL", AD00724, 2, 3
"SOYO BLEND (1999)", AD02349, 1, 0
"UMM SHARIF, PHILLIPS", AD01135, 1, 0
"CANO LIMON", AD02060, 2, 2
"JP-5", AD02430, 1, 2
"POINT ARGUELLO COMINGLED", AD01709, 0, 2
"FLUID CATALYTIC CRACKER HEAVY CYCLE OIL", AD02125, 0, 2
"PLATFORM GAIL", AD02298, 0, 2
"SIBERIAN LIGHT", AD02332, 2, 0
"LORETO, OIL & GAS", AD01908, 1, 0
"NEWFOUNDLAND OFFSHORE BURN EXP SAMPLE #15", AD02277, 0, 1
"OSEBERG, EXXON", AD00860, 1, 0
"BONNY MEDIUM, AMOCO", AD00163, 2, 2
"ALGERIAN BLEND", AD00026, 1, 0
"QUA IBOE, OIL & GAS", AD00925, 2, 0
"DIESEL FUEL OIL (ALASKA)", AD01637, 0, 2
"SALAWATI, OIL & GAS", AD01267, 1, 0
"TRANSMOUNTAIN BLEND", AD01119, 2, 2
"TERRA NOVA (1994)", AD02365, 0, 2
"LUBRICATING OIL (AIR COMPRESSOR) NEW", AD02220, 0, 2
"FORTIES, STATOIL", AD02559, 3, 0
"ANTAN, HUVENSA", AD02109, 1, 0
"NORTH SLOPE, CITGO", AD00837, 2, 0
"SANGA SANGA", AD01725, 1, 0
"FUEL OIL NO.5", AD01660, 1, 1
"TRADING BAY", AD02373, 0, 2
"BERYL, OIL & GAS", AD01949, 1, 0
"SIRRI", AD01733, 2, 0
"MEREY", AD01699, 1, 0
"BCF 17", AD00122, 1, 0
"ARABIAN MEDIUM, API", AD00067, 1, 0
"IFO 180", AD01676, 0, 2
"SAN JOACHIM", AD00964, 1, 0
"MAUI F SAND, MARITIME SAFETY AUTHORITY OF NEW ZEALAND", AD01508, 1, 0
"SARIR (1999)", AD02324, 1, 0
"EAST TEXAS", AD00319, 1, 0
"MISSISSIPPI CANYON BLOCK 72", AD02261, 0, 2
"BOW RIVER HEAVY", AD00175, 1, 0
"GARDEN BANKS BLOCK 426", AD02148, 0, 2
"PL COMPOSITE, STAR ENTERPRISE", AD00899, 1, 0
"BUNKER C FUEL OIL (ALASKA)", AD01621, 0, 2
"RAINBOW LIGHT AND MEDIUM", AD00933, 1, 0
"GAS OIL (CRACKED)", AD00460, 0, 1
"GAS OIL (CRACKED)", AD02149, 0, 1
"BOW RIVER BLENDED", AD00174, 2, 2
"FUEL OIL NO.1 (JET B, ALASKA)", AD01765, 0, 2
"PITAS POINT", AD00898, 1, 2
"RAGUSA", AD00932, 1, 0
"AMAULIGAK (1996)", AD00031, 2, 2
"SCOTIAN LIGHT", AD02325, 0, 2
"MENEMOTA", AD00748, 2, 0
"MISSISSIPPI CANYON BLOCK 194", AD02260, 0, 2
"SIBERIAN BLEND", AD01732, 2, 0
"NIGERIAN LIGHT", AD00820, 1, 0
"BRAE, OIL & GAS", AD01362, 1, 0
"MEDANITO", AD01698, 2, 0
"BCF 22", AD00123, 1, 0
"ISSUNGNAK", AD00573, 2, 0
"ARABIAN MEDIUM, CHEVRON", AD00066, 1, 0
"IFO 300", AD01677, 0, 2
"AUK, OIL & GAS", AD01948, 1, 0
"IPPL LIGHT SOUR BLEND", AD00565, 1, 0
"EKOFISK, STATOIL", AD02558, 3, 0
"BELRIDGE HEAVY", AD00135, 2, 2
"N'KOSSA EXP BLEND, CHEVRON", AD02108, 2, 0
"NORTH SLOPE", AD00836, 1, 1
"SANTA MARIA", AD00973, 1, 0
"GALEOTA MIX", AD01661, 1, 2
"ARGYL", AD00070, 2, 0
"TRADING BAY (OFFSHORE COOK INLET)", AD01118, 2, 0
"TERRA NOVA", AD02364, 0, 2
"ERAWAN CONDENSATE", AD00359, 1, 0
"MALONGO", AD00709, 0, 2
"LUBRICATING OIL (AIR COMPRESSOR) USED", AD02221, 0, 2
"OSEBERG, PHILLIPS", AD00861, 1, 0
"BONNY MEDIUM, CITGO", AD00162, 2, 0
"ALGERIAN CONDENSATE", AD00027, 1, 0
"QUA IBOE, PHILLIPS", AD00924, 1, 0
"DANISH NORTH SEA", AD01636, 3, 0
"DIA HUNG, OIL & GAS", AD01266, 3, 0
"PLATFORM HOLLY", AD02299, 0, 2
"SIRRI (1999)", AD02333, 2, 0
"GALEOTA MIX, OIL & GAS", AD01909, 1, 0
"NEWFOUNDLAND OFFSHORE BURN EXP SAMPLE #12", AD02276, 0, 1
"CARPINTERIA", AD02061, 0, 2
"FUEL OIL NO.6", AD02431, 1, 2
"PETROLEUM ETHER", AD01708, 0, 2
"FLUID CATALYTIC CRACKER FEED", AD02124, 0, 2
"ALASKA NORTH SLOPE 2011", AD02574, 0, 2
"TARSIUT A-25", AD01071, 0, 2
"NSW CONDENSATE, AMSA", AD01421, 1, 0
"TAWILA, GEISUM OIL", AD01972, 1, 0
"MARJAN/ZULUF, ARAMCO", AD00725, 2, 0
"SOYBEAN OIL", AD02348, 0, 5
"UMM SHAIF", AD01134, 1, 0
"ASGARD, STATOIL", AD02466, 2, 0
"BERYL", AD02036, 1, 0
"HONDO", AD02173, 0, 2
"KUWAIT EXPORT, OIL & GAS", AD01925, 1, 0
"MURBAN, SHELL OIL", AD01476, 3, 0
"OMAN,  MARITIME SAFETY AUTHORITY OF NEW ZEALAND", AD01533, 2, 0
"ZAIRE, SHELL OIL", AD01499, 3, 0
"EC 195-CONDENSATE, PHILLIPS", AD00322, 1, 0
"WANDO, BP", AD01860, 3, 0
"BADAK (1999)", AD02020, 1, 0
"GIRASSOL", AD02470, 2, 0
"GULLFAKS", AD02165, 1, 2
"SOUTH WEST TEXAS LIGHT", AD01030, 1, 0
"JABIRU, SHELL OIL", AD01460, 3, 0
"KOPANOAR", AD00621, 0, 2
"SENIPAH, CALTEX", AD01899, 1, 0
"MIRI LIGHT, BP", AD01876, 3, 0
"RAINBOW LIGHT AND MEDIUM (1999)", AD02309, 1, 0
"WEST TEXAS ELLENBURGER", AD01175, 1, 0
"GRIFFIN, MARITIME SAFETY AUTHORITY OF NEW ZEALAND", AD01525, 2, 0
"RIO ZULIA", AD00949, 1, 0
"CUSIANA", AD02077, 3, 2
"ELECTRICAL INSULATING OIL (VOLTESSO 35)", AD02098, 0, 6
"GOLIAT BLEND, STATOIL", AD02562, 3, 0
"FUEL OIL NO.1 (JP-1)", AD02132, 0, 3
"CANDON SEC, PHILLIPS", AD00226, 1, 0
"BONNY LIGHT, OIL & GAS", AD01964, 1, 0
"BADAK, SHELL OIL", AD01437, 1, 0
"TAPIS, OIL & GAS", AD01067, 1, 0
"ENDICOTT 96", AD01572, 1, 0
"TIA JUANA", AD01088, 1, 0
"KUTUBU, SHELL REFINING PTY ", AD01821, 1, 0
"NORTHWEST SHELF CONDENSATE", AD02283, 1, 0
"JACKSON, BP", AD01856, 3, 0
"SHENGLI (1999)", AD02329, 1, 0
"DUNLIN", AD00314, 1, 0
"WAFRA EOCENE", AD01155, 1, 0
"BONNY LIGHT, SHELL OIL", AD01440, 3, 0
"MEREY, OIL & GAS", AD01913, 1, 0
"GALEOTA MIX (1999)", AD02145, 1, 2
"ARABIAN (1999)", AD02000, 2, 0
"BRENT SPAR", AD00197, 1, 0
"SCHIEHALLION BLEND, STATOIL", AD02450, 1, 0
"AVIATION TURBINE FUEL, SHELL REFINING PTY ", AD01786, 1, 0
"PILON, CITGO", AD00894, 2, 0
"FORCADOS, BP", AD01552, 1, 0
"WEST TEXAS INTERMEDIATE", AD02391, 1, 2
"EKOFISK, OIL & GAS", AD01944, 1, 0
"AVALON", AD00085, 2, 2
"ALPINE", AD02542, 0, 1
"ES SIDER (1999)", AD02112, 1, 0
"MAIN PASS BLOCK 306", AD01694, 0, 3
"BASRAH LIGHT, AMSA", AD02407, 1, 0
"CALIFORNIA (API 11)", AD02057, 0, 2
"JOBO/MORICHAL, ITOPF", AD00590, 1, 0
"LALANG, SHELL REFINING PTY ", AD01817, 1, 0
"ENDICOTT", AD00355, 0, 2
"THEVENARD ISLAND (1999)", AD02368, 0, 2
"BELIDA, OIL & GAS", AD01401, 2, 0
"LABUAN BLEND, OIL & GAS", AD00640, 1, 0
"FULMAR, OIL & GAS", AD01952, 1, 0
"WAXY LIGHT HEAVY BLEND", AD02387, 0, 2
"SHARJAH CONDENSATE", AD01728, 2, 0
"FORTIES, OIL & GAS", AD01378, 3, 0
"SEPINGGAN", AD00990, 1, 0
"KOLE MARINE BLEND", AD01682, 1, 0
"BOLOBO", AD02104, 0, 1
"AZERI LIGHT, STATOIL", AD02554, 3, 0
"IRANIAN HEAVY, PHILLIPS", AD00569, 1, 0
"BONNY MEDIUM (1999)", AD02041, 1, 0
"KUMKOL, OIL & GAS", AD01397, 2, 0
"MCKEE BLEND 10% NGAT-2, MARITIME SAFETY AUTHORITY OF NEW ZEALAND", AD01513, 1, 0
"PENNINGTON (1999)", AD02295, 1, 0
"KOLE", AD00617, 1, 0
"ISTHMUS, OIL & GAS", AD01905, 1, 0
"HIGH ISLAND SWEET, SHELL OIL", AD01456, 3, 0
"SIRTICA", AD01006, 1, 0
"GASOLINE (UNLEADED), SHELL", AD02153, 1, 0
"PEMBINA", AD00882, 1, 0
"BRASS RIVER, PHILLIPS", AD00181, 1, 0
"AVIATION GASOLINE 100LL", AD02016, 0, 2
"KOAKOAK", AD02201, 0, 6
"ALASKA NORTH SLOPE (SOCSEX, 1996)", AD01587, 1, 2
"FEDERATED", AD00379, 2, 2
"SOUTH PASS BLOCK 60", AD02344, 0, 2
"LLOYDMINSTER", AD00683, 1, 2
"ALBA (1999)", AD01991, 2, 0
"DUKHAN", AD01641, 1, 0
"ARABIAN HEAVY, ARAMCO", AD00050, 2, 0
"DIESEL FUEL OIL (CANADA)", AD02082, 0, 4
"POINT ARGUELLO HEAVY", AD02578, 0, 2
"FLUID CATALYTIC CRACKER VIRGIN GAS OIL", AD02128, 0, 2
"BASS STRAIT", AD00115, 1, 0
"NIGERIAN CONDENSATE ", AD00816, 1, 0
"OMAN EXPORT", AD01704, 1, 0
"WEYBURN-MIDALE", AD01180, 0, 3
"SEPINGGAN-YAKIN MIXED, OIL & GAS", AD01929, 1, 0
"MEDANITO (1999)", AD02256, 2, 0
"MURCHISON", AD00791, 1, 0
"CYRUS, ITOPF", AD00284, 1, 0
"ROAD OIL", AD02313, 0, 1
"WEST LAKE VERRET, SHELL OIL", AD01495, 3, 0
"BONNY LIGHT", AD01616, 1, 0
"BADAK, OIL & GAS", AD01246, 1, 0
"ZAKUM", AD01753, 1, 0
"GULF OF SUEZ, OIL & GAS", AD01303, 1, 0
"BERRI A-21, ARAMCO", AD00142, 2, 0
"WANDOO, MOBIL OIL AUSTRALIA", AD01895, 1, 0
"MURBAN", AD00787, 1, 2
"LUCULA (1999)", AD02240, 0, 1
"SYNGAS, MARITIME SAFETY AUTHORITY OF NEW ZEALAND", AD01529, 1, 0
"QUA IBOE, SHELL OIL", AD01483, 3, 0
"PRUDHOE BAY (1995, ref. 1999)", AD02305, 0, 2
"MINERAL OIL", AD00768, 1, 1
"JATIBARANG, OIL & GAS", AD01250, 1, 0
"ATTAKA", AD01600, 1, 0
"IRANIAN HEAVY (1999)", AD02186, 2, 2
"NAPO", AD02539, 1, 0
"HEIDRUN", AD02169, 2, 2
"TEMBUNGO", AD01745, 1, 0
"ALBERTA SWEET MIXED BLEND (REFERENCE #2, 1996)", AD01591, 0, 2
"ZAIRE, OIL & GAS", AD01968, 1, 0
"FEDERATED LIGHT AND MEDIUM", AD00380, 1, 0
"LOUISIANA (1999)", AD02217, 0, 2
"ALASKA NORTH SLOPE (MIDDLE PIPELINE, 1999)", AD01987, 0, 2
"LUBRICATING OIL (EXTREME PRESSURE GEAR OIL)", AD00695, 2, 2
"SUMATRAN HEAVY (1999)", AD02352, 1, 1
"THEVENARD ISLAND", AD01084, 0, 2
"ARABIAN HEAVY, EXXON", AD00046, 1, 0
"FUEL OIL NO.1 (KEROSENE) ", AD00416, 1, 2
"FOROOZAN", AD01657, 1, 0
"PROPYLENE TETRAMER", AD01712, 0, 2
"NAPHTHA (SOLVENT)", AD00800, 1, 2
"BAKR", AD00103, 1, 0
"EKOFISK", AD02094, 1, 2
"ALVHEIM BOA 2009", NO00003, 0, 1
"KRISTIN 2006", NO00054, 0, 2
"DRIVIS 2017", NO00111, 0, 1
"GYDA 2002", NO00042, 0, 1
"WISTING 2015", NO00107, 0, 2
"EKOFISK BLEND 2011", NO00015, 0, 1
"SMORBUKK SOR 2003", NO00081, 0, 1
"GULLFAKS A BLEND 2010", NO00039, 0, 2
"ULA 1999", NO00097, 0, 2
"SLEIPNER VEST 1998", NO00078, 0, 1
"LINERLE 2005", NO00058, 0, 1
"ELDFISK BLEND 2011", NO00019, 0, 1
"OSEBERG C 2013", NO00127, 0, 2
"MIDGARD 1991", NO00062, 0, 1
"GOLIAT REALGRUNNEN 2008", NO00035, 0, 1
"EMBLA 2002", NO00023, 0, 1
"SKARV 2004", NO00074, 0, 2
"SKARV KONDENSAT 2014", NO00075, 0, 2
"ELLI SOUTH 1999", NO00022, 0, 2
"GOLIAT KOBBE 2008", NO00034, 0, 1
"BRASSE 2018", NO00126, 0, 1
"MORVIN 2008", NO00063, 0, 1
"ELDFISK B 2015", NO00018, 0, 1
"LUNO 2011", NO00059, 0, 2
"TYRIHANS SOR 2004", NO00096, 0, 1
"SMORBUKK 2003", NO00079, 0, 1
"GUDRUN 2012", NO00038, 0, 2
"SMORBUKK KONDENSAT 2003", NO00080, 0, 1
"EKOFISK BLEND 2000", NO00014, 0, 1
"HAVIS 2013", NO00043, 0, 1
"VOLVE 2006", NO00106, 0, 2
"KVITEBJORN 2009", NO00055, 0, 2
"ALTA 2016", NO00110, 0, 1
"ALVHEIM BLEND 2009", NO00002, 0, 1
"BRAGE 2013", NO00009, 0, 2
"IFO-180LS 2014", NO00048, 0, 2
"HEAVY DISTILLATE MARINE ECA 50 2017", NO00121, 0, 3
"NJORD 2002", NO00064, 0, 1
"GOLIAT BLEND 70/30 2008", NO00033, 0, 1
"FOSSEKALL 2013", NO00025, 0, 2
"RINGHORNE 2002", NO00072, 0, 1
"ALVHEIM KNELER 2009", NO00005, 0, 1
"IVAR AASEN 2012", NO00052, 0, 2
"SIGYN CONDENSATE 2017", NO00117, 0, 1
"HEIDRUN EXPORT BLEND 2004", NO00044, 0, 1
"VESLEFRIKK 2012", NO00101, 0, 2
"EKOFISK 2002", NO00013, 0, 1
"STATFJORD C 2001", NO00087, 0, 1
"OSEBERG A 2013", NO00068, 0, 2
"GAUPE 2011", NO00029, 0, 2
"TOR 2002", NO00091, 0, 1
"TAU 1999", NO00090, 0, 2
"GARANTIANA 2013", NO00028, 0, 2
"STATFJORD B 2001", NO00086, 0, 1
"OSEBERG SOR 2013", NO00069, 0, 2
"DRAUGEN 2008", NO00012, 0, 2
"HEIDRUN TILJE 2004", NO00045, 0, 1
"VARG 2000", NO00100, 0, 2
"JORDBAER 2011", NO00053, 0, 2
"WISTING CENTRAL 2017", NO00116, 0, 1
"ALVHEIM KAMELEON 2009", NO00004, 0, 1
"SKARFJELL 2014", NO00073, 0, 2
"FORSETI 2002", NO00024, 0, 1
"GOLIAT BLEND 50/50 2008", NO00032, 0, 1
"ULTRA LOW SULFUR FUEL OIL 2017", NO00120, 0, 3
"NORNE 1997", NO00065, 0, 2
"IFO-180NS 2014", NO00049, 0, 2
"BALDER BLEND 2010", NO00008, 0, 1
"OSEBERG OST 2013", NO00070, 0, 2
"FROY 1996", NO00027, 0, 1
"GLITNE 2002", NO00031, 0, 2
"NORNE BLEND 2010", NO00066, 0, 2
"TAMBAR 2002", NO00089, 0, 1
"GAS OIL 10 ppm S 2017", NO00123, 0, 3
"MARINE GAS OIL 500 ppm S 2017", NO00119, 0, 3
"TRESTAKK 2008", NO00093, 0, 1
"STATFJORD A 2001", NO00085, 0, 1
"CAURUS 2011", NO00011, 0, 1
"VILJE 2009", NO00103, 0, 1
"HEIDRUN AaRE 2004", NO00046, 0, 1
"BOYLA CRUDE 2016", NO00115, 0, 1
"IFO-80LS 2014", NO00050, 0, 3
"BALDER 2002", NO00007, 0, 1
"AVALDSNES 2012", NO00006, 0, 2
"BRYNHILD CRUDE 2015", NO00114, 0, 1
"IFO-380LS 2014", NO00051, 0, 1
"VIGDIS 2004", NO00102, 0, 1
"HULDRA KONDENSAT 1998", NO00047, 0, 1
"BREAM 2011", NO00010, 0, 2
"SNOHVIT KONDENSAT 2001", NO00084, 0, 1
"TORDIS 2002", NO00092, 0, 1
"NORNE CRUDE 2017", NO00118, 0, 2
"ORMEN LANGE KONDENSAT 2008", NO00067, 0, 1
"STAER 2010", NO00088, 0, 1
"ROTTERDAM DIESEL 2017", NO00122, 0, 3
"GJOA 2011", NO00030, 0, 2
"FRAM 2013", NO00026, 0, 2
"OSELVAR 2012", NO00071, 0, 1
"TYRIHANS NORD 2004", NO00095, 0, 2
"SNORRE TLP 2004", NO00083, 0, 1
"ELDFISK 2002", NO00017, 0, 1
"VOLUND 2010", NO00105, 0, 2
"GULLFAKS C BLEND 2010", NO00040, 0, 2
"MARTIN LINGE CONDENSATE 2016", NO00113, 0, 1
"LAVRANS 1997", NO00056, 0, 1
"ALVE 2010", NO00001, 0, 1
"SKRUGARD 2012", NO00076, 0, 1
"VALHALL 2002", NO00099, 0, 1
"ELLI 1999", NO00021, 0, 2
"GROSBEAK 2012", NO00037, 0, 2
"LUNO II 2014", NO00060, 0, 2
"OSEBERG BLEND 2007", NO00125, 0, 1
"SVALIN 2014", NO00109, 0, 1
"AASGARD A 2003", NO00108, 0, 1
"MARIA 2013", NO00061, 0, 2
"WIDE RANGE GAS OIL 2017", NO00124, 0, 3
"GRANE 1997", NO00036, 0, 1
"ELDFISK KOMPLEKS 2015", NO00020, 0, 1
"SLEIPNER KONDENSAT 2002", NO00077, 0, 1
"VALE 2014", NO00098, 0, 2
"MARTIN LINGE CRUDE 2016", NO00112, 0, 1
"LILLEFRIGG KONDENSAT 1996", NO00057, 0, 1
"VISUND 2009", NO00104, 0, 2
"GULLFAKS SOR 1996", NO00041, 0, 2
"EKOFISK J 2015", NO00016, 0, 1
"SNORRE B 2004", NO00082, 0, 1
"TRYM KONDENSAT 2011", NO00094, 0, 2
"Gullfaks Blend", EX00025, 3, 0
"Kutubu", EX00033, 3, 0
"Terra Nova", EX00048, 3, 0
"Brent Blend", EX00009, 3, 0
"Hungo Blend", EX00029, 3, 0
"Sokol", EX00044, 3, 0
"Dalia", EX00013, 3, 0
"Banyu Urip", EX00005, 3, 0
"Upper Zakum", EX00052, 3, 0
"Usan", EX00053, 3, 0
"Balder Blend", EX00004, 3, 0
"Curlew", EX00012, 3, 0
"Statfjord Blend", EX00045, 3, 0
"Hibernia Blend", EX00028, 3, 0
"Bonga", EX00008, 3, 0
"Thunder Horse", EX00049, 3, 0
"Kissanje Blend", EX00032, 3, 0
"Gudrun Blend", EX00024, 3, 0
"Oso Condensate", EX00039, 3, 0
"Sable Island", EX00042, 3, 0
"Ebok", EX00015, 3, 0
"Azeri Light", EX00003, 3, 0
"Volve", EX00054, 3, 0
"Grane", EX00023, 3, 0
"Mondo", EX00035, 3, 0
"Gindungo", EX00019, 3, 0
"Forties Blend", EX00018, 3, 0
"Marib Light", EX00034, 3, 0
"Gorgon", EX00022, 3, 0
"Woollybutt", EX00055, 3, 0
"Alaska North Slope", EX00002, 3, 0
"Doba Blend", EX00014, 3, 0
"Saxi Batuque", EX00043, 3, 0
"Oseberg Blend", EX00038, 3, 0
"Yoho", EX00056, 3, 0
"Aasgard Blend", EX00001, 3, 0
"Erha", EX00017, 3, 0
"Pazflor", EX00040, 3, 0
"Ormen Lange", EX00037, 3, 0
"Girassol", EX00021, 3, 0
"Gippsland Blend", EX00020, 3, 0
"Mostarda", EX00036, 3, 0
"Qua Iboe", EX00041, 3, 0
"Ekofisk", EX00016, 3, 0
"Zafiro Blend", EX00057, 3, 0
"Kearl", EX00031, 3, 0
"Hebron", EX00027, 3, 0
"Triton Blend", EX00050, 3, 0
"Basrah Heavy", EX00007, 3, 0
"Cold Lake Blend", EX00011, 3, 0
"Tapis", EX00046, 3, 0
"Terengganu Condensate", EX00047, 3, 0
"CLOV", EX00010, 3, 0
"Basrah", EX00006, 3, 0
"Troll Blend", EX00051, 3, 0
"HOOPS Blend", EX00026, 3, 0
"Jotun Blend", EX00030, 3, 0
"Platform Ellen A040", EC01483, 0, 2
"Alberta Sweet Mixed Blend #5", EC00512, 0, 2
"Bunker C Zalinski", EC02714, 0, 4
"Independent Hub", EC01456, 0, 2
"Fuel oil # 5", EC00586, 0, 2
"Endicott", EC01952, 0, 2
"Hebron [2018]", EC04029, 0, 2
"Bunker C MV Manolis", EC02542, 0, 3
"HFO 6303 [2002]", EC00601, 0, 2
"Cold Lake Blend Summer [2014]", EC02427, 0, 2
"Heritage HE 05", EC01499, 0, 2
"Marine Diesel-Burnaby BC", EC04025, 0, 2
"Marine Diesel (B5)", EC04024, 0, 2
"South Louisiana", EC00698, 0, 3
"Hibernia [2018]", EC04028, 0, 2
"Harmony", EC01953, 0, 2
"Issungnak", EC00616, 0, 2
"Alaska North Slope [2012]", EC02152, 0, 2
"Platform Ellen A038", EC01482, 0, 2
"Bakken", EC01969, 0, 1
"Chayvo", EC00552, 0, 2
"Platform Elly", EC00670, 0, 2
"Gail Well E010", EC01466, 0, 2
"Husky Energy SGS", EC03288, 0, 2
"Terra Nova", EC01958, 0, 2
"Deep Water Horizon Riser", EC01714, 0, 0
"Cold Lake Bitumen [1988]", EC00555, 0, 2
"Biodiesel Tallow B100 Biodiesel Tallow B20 Biodiesel Tallow B5", EC01485, 0, 1
"Cold Lake Blend Winter [2015]", EC02712, 0, 2
"IFO 120", EC01954, 0, 2
"Cold Lake Blend Winter [2019]", EC05517, 0, 2
"Mississippi Canyon Block 807 [2002]", EC00647, 0, 2
"IFO 180", EC01955, 0, 2
"Diesel ULSD (2006)", EC01001, 0, 2
"Bunker C [1987]", EC00539, 0, 2
"Alaska North Slope [2015]", EC02713, 0, 2
"Amauligak", EC00515, 0, 2
"Biodiesel Soy B100 Biodiesel Soy B20 Biodiesel Soy B5", EC01484, 0, 2
"White Rose", EC00738, 0, 4
"Alberta Sweet Mixed Blend #6", EC04002, 0, 0
"Arabian Light [2002]", EC00523, 0, 2
"Arabian Heavy [2004]", EC00519, 0, 3
"Bunker C MV Manolis 2015-May operation", EC02932, 0, 3
"Albian Heavy Synthetic", EC01172, 0, 2
"Gail Well E019", EC01467, 0, 2
"West Delta Block 143", EC00734, 0, 3
"Western Canadian Select", EC02709, 0, 2
"Bunker C MV Manolis 2015-Oct. operation", EC03072, 0, 4
"Cook Inlet [2003]", EC00561, 0, 2
"Morpeth Block EW921", EC00648, 0, 2
"MV Arrow [2015]", EC03048, 0, 5
"Troll", EC00721, 0, 3
"Platform Irene", EC01464, 0, 2
"North Star", EC01956, 0, 2
"Biodiesel Soy-B100 Biodiesel Soy-1002-20 Biodiesel Soy-1002-5", EC01002, 0, 2
"Petronius Block VK786A", EC00668, 0, 1
"Diesel (summer) COM ULSD", EC01487, 0, 2
"Wabiska Heavy", EC01346, 0, 2
"Sockeye Sour", EC00690, 0, 2
"158 RGN Mistura", EC00501, 0, 0
"Biodiesel Canola B100 Biodiesel Canola B20 Biodiesel Canola B5", EC01486, 0, 2
"Anadarko HIA-376", EC00517, 0, 2
"Terra Nova [2018]", EC04016, 0, 2
"Bunker C - IFO-300 [1994]", EC00540, 0, 2
"Biodiesel Tallow B100 Biodiesel Tallow B20 Biodiesel Tallow B5", EC01003, 0, 1
"IFO 180 [2004]", EC00612, 0, 3
"Rock", EC01957, 0, 2
"Heritage HE 26", EC01500, 0, 2
"Hibernia", EC00604, 0, 4
"Deep Water Horizon Riser", EC01598, 0, 0
"West Texas  [2001]", EC00736, 0, 2
"Platform Irene Comingled", EC01465, 0, 2
"Marhm P-32", EC00632, 0, 0
"Hebron M-04", EC00599, 0, 2
"Marine Diesel-Hurst Marina", EC03869, 0, 2
"Marine Safe Lube", EC03097, 0, 3
"IFO 380", EC01803, 0, 0
"Norman Wells", EC00654, 0, 2
"Alaska North Slope [2011]", EC01950, 0, 2
"Biodiesel Canola-B100 Biodiesel Canola-B20 Biodiesel Canola-B5", EC01004, 0, 2
"Alaska North Slope [2010]", EC01497, 0, 2
"Diesel Echo Bay (B5 Biodiesel)", EC03629, 0, 2
"Alaminos Canyon Block 25", EC00506, 0, 2
"Deep Water Horizon Riser", EC01655, 0, 0
"Cold Lake Blend Winter [2018]", EC04027, 0, 0
"Cold Lake Blend Winter [2013]", EC02235, 0, 2
"Odoptu", EC00658, 0, 2
"Diesel [2002]", EC00567, 0, 2
"Orimulsion 400 [2001]", EC00662, 0, 2
"Marine Diesel-Ile Saint Ours", EC03721, 0, 2
"Dos Cuadros HE-26 [2011]", EC01823, 0, 2
"Dos Cuadros HE-05 [2011]", EC01822, 0, 2
"Marine Diesel-Corporal Teather", EC03720, 0, 2
"Kravtsovskoye # 1 Kravtsovskoye #2", EC00622, 0, 0
"Neptune BHP [2009]", EC01459, 0, 2
"Bitumen", EC03126, 0, 2
"White Rose [2018]", EC04030, 0, 2
"Access West Blend Winter", EC02234, 0, 2
"Synthetic Bitumen Blend", EC02664, 0, 2
"Marine Diesel [2018]", EC04026, 0, 2
"Atkinson", EC00527, 0, 2
"Prudhoe Bay [2004]", EC00679, 0, 3
"South Louisiana", EC00696, 0, 2
"Alaska North Slope [2002]", EC00507, 0, 2
"Alberta Sweet Mixed Blend #4", EC00511, 0, 2
"Mars TLP [2000]", EC00638, 0, 3
"Pure Drill IA-35", EC00680, 0, 0
"DOBA", EC01951, 0, 2
"Maya [2004]", EC00643, 0, 3
"Green Canyon Block 200", EC00593, 0, 2
"Swepco 737", EC00710, 0, 0
